,Date,Open,Close,Volume,ma10,ma30,ma40,ma10volume
0,2002-07-01,31.98,32.470001,796080,,,,
1,2002-07-08,32.799999,32.299999,246655,,,,
2,2002-07-15,32.669998,29.190001000000002,145660,,,,
3,2002-07-22,28.0,25.17,894740,,,,
4,2002-07-29,25.59,25.48,282030,,,,
5,2002-08-05,25.799999,24.559998999999998,220445,,,,
6,2002-08-12,24.24,24.92,45775,,,,
7,2002-08-19,25.0,24.700001,83755,,,,
8,2002-08-26,24.98,24.26,78445,,,,
9,2002-09-02,24.75,23.809998999999998,114760,26.686,,,290834.5
10,2002-09-09,23.700001,22.969998999999998,146125,25.735999799999995,,,225839.0
11,2002-09-16,22.799999,21.700001,263240,24.675999999999995,,,227497.5
12,2002-09-23,22.0,22.15,107025,23.971999899999993,,,223634.0
13,2002-09-30,22.0,21.57,58335,23.61199989999999,,,139993.5
14,2002-10-07,21.6,21.65,40375,23.228999899999987,,,115828.0
15,2002-10-14,21.9,21.16,50965,22.88899999999999,,,98880.0
16,2002-10-21,21.24,20.959999,52100,22.49299989999999,,,99512.5
17,2002-10-28,20.799999,20.18,174405,22.04099979999999,,,108577.5
18,2002-11-04,20.809998999999998,20.15,57400,21.629999799999993,,,106473.0
19,2002-11-11,20.200001,20.1,58290,21.258999899999992,,,100826.0
20,2002-11-18,20.23,20.040001,82970,20.96600009999999,,,94510.5
21,2002-11-25,20.120001000000002,20.02,201995,20.79799999999999,,,88386.0
22,2002-12-02,20.200001,20.120001000000002,269605,20.59500009999999,,,104644.0
23,2002-12-09,20.25,20.07,107165,20.44500009999999,,,109527.0
24,2002-12-16,19.92,19.370001000000002,274290,20.21700019999999,,,132918.5
25,2002-12-23,19.200001,19.299999,94715,20.031000099999993,,,137293.5
26,2002-12-30,19.4,19.02,236885,19.83700019999999,,,155772.0
27,2003-01-06,19.1,19.52,184490,19.771000199999992,,,156780.5
28,2003-01-13,19.6,19.02,158230,19.658000199999993,,,166863.5
29,2003-01-20,19.02,18.6,137020,19.50800019999999,22.484333366666664,,174736.5
30,2003-01-27,19.0,17.690001000000002,271395,19.27300019999999,21.9916667,,193579.0
31,2003-02-03,18.0,17.049999,215775,18.97600009999999,21.483333366666667,,194957.0
32,2003-02-10,17.0,16.139999,120175,18.577999899999988,21.0483333,,180014.0
33,2003-02-17,16.469998999999998,17.08,93940,18.27899989999999,20.778666633333334,,178691.5
34,2003-02-24,17.200001,17.639999,115600,18.10599969999999,20.517333266666665,,162822.5
35,2003-03-03,17.82,16.83,65675,17.858999799999985,20.259666633333335,,159918.5
36,2003-03-10,16.9,16.299999,53420,17.586999699999986,19.97233326666667,,141572.0
37,2003-03-17,16.030001000000002,16.82,92055,17.316999699999986,19.70966656666667,,132328.5
38,2003-03-24,16.41,15.99,180175,17.013999699999985,19.433999900000003,,134523.0
39,2003-03-31,16.0,16.459999,138935,16.799999599999985,19.188999900000006,21.063249925,134714.5
40,2003-04-07,16.6,17.280001000000002,143835,16.75899959999999,18.999333300000004,20.683499925,121958.5
41,2003-04-14,17.379998999999998,16.77,36000,16.73099969999999,18.834999933333336,20.295249950000002,103981.0
42,2003-04-21,16.959999,17.16,73620,16.83299979999999,18.6686666,19.994499925,99325.5
43,2003-04-28,17.02,15.45,240540,16.66999979999999,18.4646666,19.751499925,113985.5
44,2003-05-05,16.0,16.0,149960,16.50599989999999,18.27633326666667,19.514499925000003,117421.5
45,2003-05-12,16.0,16.15,365935,16.437999899999987,18.10933326666667,19.304249950000003,147447.5
46,2003-05-19,16.200001,15.76,226745,16.383999999999986,17.935999966666667,19.075249950000003,164780.0
47,2003-05-26,16.139999,16.540001,1344440,16.356000099999985,17.814666666666668,18.87124995,290018.5
48,2003-06-02,16.6,19.040001,3485535,16.661000199999982,17.7776667,18.740749975,620554.5
49,2003-06-09,19.6,18.73,1199790,16.88800029999998,17.732000033333335,18.613750000000003,726640.0
50,2003-06-16,18.52,20.01,3521970,17.161000199999982,17.731,18.539750025,1064453.5
51,2003-06-23,20.18,20.209999,1200165,17.505000099999982,17.737333300000003,18.502499975,1180870.0
52,2003-06-30,20.4,22.809998999999998,5887245,18.069999999999983,17.8269999,18.51899995,1762232.5
53,2003-07-07,22.9,21.48,1025705,18.67299999999998,17.8739999,18.516749949999998,1840749.0
54,2003-07-14,21.950001,21.469998999999998,899660,19.219999899999983,17.943999833333336,18.512249925,1915719.0
55,2003-07-21,21.6,21.32,520235,19.73699989999998,18.011333200000006,18.516249925000004,1931149.0
56,2003-07-28,21.549999,21.120001000000002,675945,20.272999999999982,18.08133323333334,18.520249975000002,1976069.0
57,2003-08-04,21.299999,21.469998999999998,1253225,20.76599979999998,18.146333200000008,18.552499950000005,1966947.5
58,2003-08-11,21.959999,22.4,1322340,21.101999699999986,18.258999866666674,18.608749950000004,1750628.0
59,2003-08-18,22.700001,22.780001000000002,1170260,21.506999799999985,18.39833323333334,18.675749975000002,1747675.0
60,2003-08-25,22.809998999999998,22.18,1336355,21.723999799999987,18.547999866666668,18.729249950000003,1529113.5
61,2003-09-01,23.4,23.99,2602220,22.10199989999999,18.779333233333336,18.82849995,1669319.0
62,2003-09-08,25.0,27.379998999999998,5906320,22.558999899999986,19.153999900000006,19.009999900000004,1671226.5
63,2003-09-15,27.0,24.620001000000002,1699885,22.872999999999987,19.40533326666667,19.123749925000002,1738644.5
64,2003-09-22,24.940001000000002,25.17,696040,23.243000099999986,19.656333300000004,19.2687499,1718282.5
65,2003-09-29,25.200001,24.43,831735,23.554000099999985,19.909666633333334,19.396999925,1749432.5
66,2003-10-06,25.18,26.32,983630,24.073999999999984,20.24366666666667,19.579499925,1780201.0
67,2003-10-13,26.940001000000002,26.959999,2201560,24.622999999999983,20.581666633333334,19.765499900000002,1875034.5
68,2003-10-20,27.0,24.84,875780,24.866999999999983,20.876666633333336,19.910999900000004,1830378.5
69,2003-10-27,25.190001000000002,25.540001,311615,25.14299999999998,21.179333366666665,20.084499925000003,1744514.0
70,2003-11-03,25.799999,27.17,1063385,25.641999999999978,21.509,20.3214999,1717217.0
71,2003-11-10,27.52,27.620001000000002,1593475,26.00500009999998,21.8706667,20.58574995,1616342.5
72,2003-11-17,28.299999,27.17,853910,25.98400019999998,22.204333366666667,20.861499975,1111101.5
73,2003-11-24,27.4,30.6,1471665,26.58200009999998,22.709333366666666,21.199499975000002,1088279.5
74,2003-12-01,31.0,32.610001000000004,2859690,27.32600019999998,23.263000066666667,21.573750025000002,1304644.5
75,2003-12-08,32.099998,32.189999,1466110,28.10200009999998,23.7976667,21.95775,1368082.0
76,2003-12-15,32.599998,35.07,2181965,28.97700009999998,24.441333366666672,22.427000025000005,1487915.5
77,2003-12-22,35.169998,34.560001,942835,29.737000299999984,25.04200003333334,22.87050005,1362043.0
78,2003-12-29,34.799999,34.169998,1139615,30.67000009999999,25.546333266666675,23.325,1388426.5
79,2004-01-05,35.720001,34.32,1000550,31.547999999999984,26.06599993333334,23.771500025,1457320.0
80,2004-01-12,34.509997999999996,33.779999,809510,32.20899989999998,26.524999900000008,24.183999975,1431932.5
81,2004-01-19,33.619999,29.18,1359645,32.36499979999998,26.823999933333337,24.494249975,1408549.5
82,2004-01-26,29.700001,27.950001,277045,32.442999899999975,26.995333333333342,24.764000000000003,1350863.0
83,2004-02-02,28.0,27.09,280560,32.091999899999976,27.182333333333343,25.055,1231752.5
84,2004-02-09,27.299999,28.01,376110,31.63199979999997,27.400333366666676,25.35525,983394.5
85,2004-02-16,28.120001000000002,26.120001000000002,373470,31.02499999999997,27.560333400000005,25.604500025,874130.5
86,2004-02-23,26.27,25.08,271380,30.02599999999997,27.692333366666674,25.837500024999997,683072.0
87,2004-03-01,25.200001,25.27,125950,29.096999899999968,27.81900006666667,26.055749999999996,601383.5
88,2004-03-08,25.5,25.15,489160,28.195000099999966,27.91066673333334,26.208499974999995,536338.0
89,2004-03-15,26.4,24.280001000000002,203485,27.19100019999997,27.960666733333337,26.347249999999995,456631.5
90,2004-03-22,24.299999,23.35,344255,26.14800029999997,27.999666733333342,26.430749999999996,410106.0
91,2004-03-29,24.0,24.92,376705,25.722000299999973,28.03066673333334,26.548500025,311812.0
92,2004-04-05,25.360001,24.559998999999998,214150,25.383000099999975,27.936666733333336,26.592250025,305522.5
93,2004-04-12,24.780001000000002,26.190001000000002,266055,25.293000199999973,27.989000066666673,26.710000049999998,304072.0
94,2004-04-19,26.6,27.120001000000002,508185,25.204000299999972,28.054000100000007,26.851250099999998,317279.5
95,2004-04-26,26.5,25.610001,242365,25.153000299999974,28.093333466666675,26.958500125,304169.0
96,2004-05-03,25.02,27.040001,525975,25.349000399999976,28.117333500000008,27.106500125000004,329628.5
97,2004-05-10,25.450001,23.75,330495,25.197000399999975,28.010333533333338,27.163500150000004,350083.0
98,2004-05-17,22.65,24.0,513130,25.082000399999977,27.98233353333334,27.203500150000004,352480.0
99,2004-05-24,24.0,22.959999,303530,24.95000019999998,27.896333466666672,27.2080001,362484.5
100,2004-05-31,22.4,21.92,388935,24.80700019999998,27.721333466666675,27.201500099999997,366952.5
101,2004-06-07,21.799999,21.530001000000002,252915,24.46800029999998,27.51833346666667,27.140000125,354573.5
102,2004-06-14,21.219998999999998,22.01,221390,24.213000399999977,27.346333466666675,27.00575015,355297.5
103,2004-06-21,22.48,21.959999,165620,23.790000199999973,27.058333433333342,26.9392501,345254.0
104,2004-06-28,22.15,22.610001,341650,23.339000199999976,26.725000100000006,26.875250124999997,328600.5
105,2004-07-05,22.4,23.0,737400,23.078000099999976,26.418666800000004,26.839500124999994,378104.0
106,2004-07-12,23.68,23.809998999999998,383025,22.754999899999977,26.043333433333334,26.776750099999997,363809.0
107,2004-07-19,23.66,26.49,877030,23.028999899999977,25.7743334,26.765000125,418462.5
108,2004-07-26,25.200001,24.879998999999998,661795,23.116999799999977,25.464666766666667,26.766000100000003,433329.0
109,2004-08-02,24.799999,24.17,312040,23.237999899999974,25.126333433333333,26.731750075,434180.0
110,2004-08-09,23.9,23.940001000000002,214420,23.439999999999976,24.798333500000002,26.651000099999997,416728.5
111,2004-08-16,24.0,23.74,183115,23.660999899999975,24.61700016666667,26.554000074999998,409748.5
112,2004-08-23,24.360001,25.629998999999998,554650,24.02299979999998,24.539666766666667,26.515500049999996,443074.5
113,2004-08-30,26.0,26.799999,1246995,24.50699979999998,24.530000066666666,26.420500025000003,551212.0
114,2004-09-06,27.41,26.969998999999998,1159445,24.94299959999998,24.495333366666667,26.279499975,632991.5
115,2004-09-13,27.200001,26.469998999999998,661525,25.289999499999976,24.50699996666667,26.136499975,625404.0
116,2004-09-20,26.6,28.57,2023815,25.765999599999976,24.623333300000002,25.973999974999998,789483.0
117,2004-09-27,28.41,27.610001,562110,25.877999699999975,24.701333333333334,25.800249974999996,757991.0
118,2004-10-04,28.559998999999998,27.99,912155,26.188999799999976,24.796000000000003,25.645750024999995,783027.0
119,2004-10-11,28.059998999999998,27.299999,422845,26.501999699999978,24.896666600000003,25.470249999999997,794107.5
120,2004-10-18,27.959999,26.860001,286115,26.79399969999998,25.013666633333337,25.297250049999995,801277.0
121,2004-10-25,26.6,24.33,826080,26.852999699999977,24.99399996666667,25.176000049999995,865573.5
122,2004-11-01,24.4,25.790001,685045,26.868999899999977,25.03500003333334,25.122000049999993,878613.0
123,2004-11-08,25.51,26.790001,742770,26.86800009999998,25.055000033333336,25.11450007499999,828190.5
124,2004-11-15,26.639999,26.629998999999998,447775,26.83400009999998,25.038666633333335,25.080000049999995,757023.5
125,2004-11-22,26.4,27.6,667955,26.947000199999984,25.104999933333335,25.117000024999992,757666.5
126,2004-11-29,27.719998999999998,29.309998999999998,2593265,27.021000099999988,25.180666533333337,25.222749999999994,814611.5
127,2004-12-06,29.790001,31.370001000000002,1775710,27.397000099999985,25.43466656666667,25.375250024999993,935971.5
128,2004-12-13,31.200001,32.189999,959355,27.816999999999986,25.707666533333335,25.55124999999999,940691.5
129,2004-12-20,32.360001000000004,31.76,1058855,28.26300009999998,26.0009999,25.73824997499999,1004292.5
130,2004-12-27,31.65,32.139998999999996,798250,28.79099989999998,26.341666533333335,25.957999949999994,1055506.0
131,2005-01-03,32.939999,31.99,1602700,29.556999899999983,26.69033316666667,26.134749949999993,1133168.0
132,2005-01-10,32.200001,30.790001,528620,30.056999899999983,26.982999866666667,26.29049999999999,1117525.5
133,2005-01-17,30.799999,31.059998999999998,518870,30.48399969999998,27.286333199999998,26.412249949999996,1095135.5
134,2005-01-24,31.4,32.869999,690295,31.107999699999983,27.62833313333333,26.555999899999996,1119387.5
135,2005-01-31,32.880001,34.34,1245390,31.781999699999982,28.00633313333333,26.77424987499999,1177131.0
136,2005-02-07,34.950001,35.380001,684260,32.38899989999998,28.391999866666666,26.98274987499999,986230.5
137,2005-02-14,35.900002,35.299999,2806800,32.781999699999986,28.6856665,27.27149984999999,1089339.5
138,2005-02-21,36.0,35.459998999999996,920090,33.108999699999984,29.038333166666668,27.55799982499999,1085413.0
139,2005-02-28,35.580002,36.200001,884615,33.55299979999998,29.439333200000004,27.88899987499999,1067989.0
140,2005-03-07,36.759997999999996,39.119999,2207505,34.25099979999998,29.945333133333335,28.31899984999999,1208914.5
141,2005-03-14,39.0,36.040001000000004,594930,34.65599989999998,30.355333166666664,28.68174984999999,1108137.5
142,2005-03-21,36.830002,33.619999,292955,34.93899969999998,30.6216665,28.97199982499999,1084571.0
143,2005-03-28,33.400002,36.610001000000004,336520,35.493999899999984,30.948666566666667,29.338249874999992,1066336.0
144,2005-04-04,36.950001,36.43,299675,35.84999999999998,31.26399993333333,29.68374984999999,1027274.0
145,2005-04-11,35.830002,39.0,489880,36.31599999999999,31.681666633333332,30.083749849999993,951723.0
146,2005-04-18,38.400002,41.029999,2437140,36.880999799999984,32.09699993333333,30.51424984999999,1127011.0
147,2005-04-25,41.299999,42.950001,1008385,37.64599999999998,32.60833326666666,30.92574987499999,947169.5
148,2005-05-02,44.0,41.990002000000004,461705,38.29900029999998,33.074999999999996,31.353499949999993,901331.0
149,2005-05-09,43.599998,44.27,2147840,39.10600019999998,33.640666700000004,31.85599994999999,1027653.5
150,2005-05-16,44.889998999999996,46.299999,1025395,39.824000199999986,34.288666633333335,32.41499989999999,909442.5
151,2005-05-23,46.990002000000004,46.5,731100,40.870000099999984,35.02766663333333,32.98399989999999,923059.5
152,2005-05-30,46.799999,46.709998999999996,269555,42.17900009999998,35.72499989999999,33.51099989999999,920719.5
153,2005-06-06,47.599998,45.880001,238915,43.106000099999974,36.361333233333326,33.98799994999999,910959.0
154,2005-06-13,45.799999,46.369999,1752810,44.09999999999998,37.01933323333333,34.47299994999999,1056272.5
155,2005-06-20,48.799999,48.16,698035,45.01599999999998,37.70466656666667,35.015249974999996,1077088.0
156,2005-06-27,47.700001,45.790001000000004,453970,45.49200019999998,38.25399996666667,35.44575,878771.0
157,2005-07-04,46.900002,47.59,402865,45.956000099999976,38.7946666,35.945249974999996,818219.0
158,2005-07-11,47.599998,48.919998,570345,46.648999699999976,39.35233323333333,36.468499924999996,829083.0
159,2005-07-18,49.599998,52.540001000000004,946805,47.475999799999975,40.04499993333334,37.099499975,708979.5
160,2005-07-25,53.189999,52.279999,492335,48.073999799999974,40.71633326666667,37.734999925,655673.5
161,2005-08-01,53.0,55.029999,703085,48.926999699999975,41.484333233333345,38.502499900000004,652872.0
162,2005-08-08,55.599998,59.150002,701765,50.17099999999998,42.42966660000001,39.336499925000005,696093.0
163,2005-08-15,59.799999,60.07,410460,51.589999899999974,43.39666663333334,40.1684999,713247.5
164,2005-08-22,60.310001,57.200001,491120,52.67300009999998,44.207666700000004,40.93274995,587078.5
165,2005-08-29,58.0,55.290001000000004,792065,53.38600019999998,44.90600006666668,41.624999975,596481.5
166,2005-09-05,56.0,54.73,441200,54.28000009999998,45.551000033333345,42.2605,595204.5
167,2005-09-12,55.02,56.419998,897230,55.162999899999974,46.25500000000001,42.886749925000004,644641.0
168,2005-09-19,56.700001,53.02,1353025,55.57300009999998,46.84033336666668,43.40749995,722909.0
169,2005-09-26,54.0,54.07,469740,55.725999999999985,47.436000000000014,43.96524995,675202.5
170,2005-10-03,54.900002,55.23,306340,56.021000099999995,47.97300003333335,44.542499975000005,656603.0
171,2005-10-10,56.0,53.360001000000004,177215,55.854000299999996,48.55033336666668,45.076750000000004,604016.0
172,2005-10-17,56.5,48.869999,300525,54.826,49.05866670000001,45.528749950000005,563892.0
173,2005-10-24,51.18,46.810001,421530,53.5000001,49.398666700000014,45.9225,564999.0
174,2005-10-31,47.200001,49.630001,388930,52.743000099999996,49.83866673333334,46.34150005,554780.0
175,2005-11-07,49.220001,52.610001000000004,369665,52.4750001,50.29233343333335,46.798250075000006,512540.0
176,2005-11-14,54.48,51.720001,447360,52.1740002,50.64866683333334,47.206750075,513156.0
177,2005-11-21,51.619999,52.02,405405,51.7340004,50.95100013333334,47.6247501,463973.5
178,2005-11-28,52.959998999999996,56.73,695020,52.10500040000001,51.44233340000001,48.156500125,398173.0
179,2005-12-05,57.599998,54.43,337475,52.141000399999996,51.78100006666668,48.612250100000004,384946.5
180,2005-12-12,55.900002,58.73,616975,52.4910004,52.19533343333334,49.102500125000006,416010.0
181,2005-12-19,59.119999,61.299999,1238900,53.28500019999999,52.68866673333334,49.734000075000004,522178.5
182,2005-12-26,61.799999,62.82,244680,54.680000299999996,53.22566676666668,50.46400010000001,516594.0
183,2006-01-02,62.98,62.009997999999996,293630,56.2,53.76333333333334,51.09900002500001,503804.0
184,2006-01-09,61.599998,62.110001000000004,568850,57.448,54.288000066666676,51.74100005000001,521796.0
185,2006-01-16,62.0,62.639998999999996,278240,58.4509998,54.77066670000001,52.33200002500001,512653.5
186,2006-01-23,62.599998,62.200001,238565,59.4989998,55.317666700000004,52.86125007500002,491774.0
187,2006-01-30,62.200001,62.0,677840,60.496999800000005,55.79800003333334,53.33750005000002,519017.5
188,2006-02-06,61.59,63.810001,516335,61.204999900000004,56.29433346666667,53.883000025000015,501149.0
189,2006-02-13,65.0,65.209999,666360,62.28299980000001,56.716666733333334,54.406500000000015,534037.5
190,2006-02-20,64.0,66.41999799999999,404680,63.05199960000001,57.18800003333333,54.90949997500002,512808.0
191,2006-02-27,66.199997,68.209999,499070,63.74299960000002,57.62733336666666,55.452249950000024,438825.0
192,2006-03-06,69.900002,69.08000200000001,234025,64.36899980000001,57.95833336666666,56.01150002500002,437759.5
193,2006-03-13,68.400002,66.980003,350995,64.86600030000002,58.188666799999986,56.539000075000025,443496.0
194,2006-03-20,66.209999,68.690002,240220,65.52400040000002,58.571666833333325,57.09700015000002,410633.0
195,2006-03-27,68.400002,69.150002,451295,66.17500070000003,59.03366686666666,57.62175020000002,427938.5
196,2006-04-03,69.199997,71.230003,174880,67.07800090000002,59.583666966666655,58.25775025000003,421570.0
197,2006-04-10,72.0,70.910004,99885,67.96900130000002,60.066667166666655,58.84075035000002,363774.5
198,2006-04-17,71.599998,70.220001,455110,68.61000130000002,60.64000053333332,59.37325042500002,357652.0
199,2006-04-24,72.199997,70.040001,759110,69.09300150000001,61.17233389999999,59.81075042500002,366927.0
200,2006-05-01,74.0,76.220001,924865,70.07300180000001,61.872000599999986,60.409250475000036,418945.5
201,2006-05-08,77.0,72.199997,260165,70.47200160000001,62.50000046666665,60.83850042500004,395055.0
202,2006-05-15,77.599998,71.730003,1523045,70.73700170000001,63.26200059999998,61.15300045000005,523957.0
203,2006-05-22,72.0,70.900002,413355,71.12900160000001,64.06500063333331,61.42375050000004,530193.0
204,2006-05-29,72.0,65.699997,260045,70.8300011,64.60066716666664,61.63625040000004,532175.5
205,2006-06-05,65.019997,55.299999,223580,69.4450008,64.69033376666665,61.63650035000004,509404.0
206,2006-06-12,55.299999,52.41,476585,67.5630005,64.71333373333331,61.578500350000034,539574.5
207,2006-06-19,53.0,59.330002,198330,66.40500030000001,64.95700046666666,61.65125045000004,549419.0
208,2006-06-26,62.0,59.869999,176000,65.3700001,65.06166709999998,61.822500425000044,521508.0
209,2006-07-03,60.200001,57.009997999999996,152575,64.0669998,65.14766703333332,61.89600037500004,460854.5
210,2006-07-10,57.200001,54.849998,144420,61.92999950000001,65.01833363333331,61.88650032500004,382810.0
211,2006-07-17,54.220001,51.299999,195715,59.8399997,64.68500029999998,61.83500027500004,376365.0
212,2006-07-24,52.200001,56.700001,253225,58.336999500000005,64.48100033333331,62.03075032500004,249383.0
213,2006-07-31,59.799999,59.529999,364770,57.1999992,64.39833369999998,62.34875027500004,244524.5
214,2006-08-07,59.110001000000004,61.220001,454510,56.7519996,64.36866703333331,62.63850027500005,263971.0
215,2006-08-14,62.799999,62.450001,219235,57.46699980000001,64.36233376666664,62.88450027500005,263536.5
216,2006-08-21,63.599998,69.540001,298305,59.179999900000006,64.60700043333331,63.330000275000046,245708.5
217,2006-08-28,70.0,67.5,228180,59.9969997,64.79033376666665,63.717000275000046,248693.5
218,2006-09-04,67.809998,67.75,113265,60.7849998,64.92166706666664,63.99250027500004,242420.0
219,2006-09-11,68.980003,68.879997,257320,61.971999700000005,65.04400033333332,64.35375020000005,252894.5
220,2006-09-18,69.900002,70.510002,368440,63.5380001,65.18033379999999,64.64825025000005,275296.5
221,2006-09-25,72.800003,73.82,793880,65.7900002,65.36733383333332,64.96125027500005,335113.0
222,2006-10-02,88.0,78.379997,320580,67.9579998,65.67733366666666,65.35025020000005,341848.5
223,2006-10-09,77.699997,77.589996,239090,69.7639995,66.03100009999999,65.73975015000005,329280.5
224,2006-10-16,78.0,84.050003,1545125,72.0469997,66.54300013333331,66.28825020000005,438342.0
225,2006-10-23,84.800003,89.150002,848020,74.7169998,67.20966679999998,66.95100027500004,501220.5
226,2006-10-30,89.0,93.33000200000001,654945,77.09599990000001,67.94633343333331,67.72925030000005,536884.5
227,2006-11-06,94.0,92.790001,523100,79.625,68.67566666666666,68.49900032500004,566376.5
228,2006-11-13,92.199997,94.440002,524930,82.2940002,69.48300003333331,69.26475035000004,607543.0
229,2006-11-20,92.209999,101.57,472290,85.5630005,70.53399999999998,70.17375037500004,629040.0
230,2006-11-27,102.0,97.699997,225210,88.282,71.24999986666666,70.95575035000005,614717.0
231,2006-12-04,98.709999,95.449997,261620,90.4449997,72.02499986666665,71.63675030000005,561491.0
232,2006-12-11,94.199997,97.639999,249195,92.37099989999999,72.88866639999998,72.35075022500004,554352.5
233,2006-12-18,99.82,97.0,417860,94.3120003,73.75866633333332,73.10125015000004,572229.5
234,2006-12-25,96.639999,100.449997,272630,95.95199969999999,74.91699966666665,73.89525002500005,444980.0
235,2007-01-01,102.0,99.980003,420235,97.03499979999998,76.40633313333333,74.66600005000006,402201.5
236,2007-01-08,103.0,101.0,2921835,97.80199959999996,78.0259998,75.41024997500006,628890.5
237,2007-01-15,102.0,100.900002,288355,98.61299969999996,79.41166646666666,76.15999992500005,605416.0
238,2007-01-22,102.400002,106.800003,600949,99.84899979999996,80.97599993333331,77.07449997500005,613017.9
239,2007-01-29,108.0,106.199997,351257,100.31199949999996,82.61566656666666,77.97849987500005,600914.6
240,2007-02-05,105.0,100.150002,395784,100.55699999999997,84.12566669999998,78.57674990000005,617972.0
241,2007-02-12,100.25,99.800003,347159,100.99200059999998,85.74233349999999,79.26675005000004,626525.9
242,2007-02-19,103.0,93.949997,259731,100.62300039999998,86.98400003333332,79.82224990000005,627579.5
243,2007-02-26,94.349998,94.0,188372,100.32300039999998,88.13300006666665,80.39974985000005,604630.7
244,2007-03-05,91.0,85.5,195594,98.82800069999999,88.94233336666665,80.89474992500004,596927.1
245,2007-03-12,86.0,89.050003,208347,97.73500069999999,89.82900009999997,81.73850002500004,575738.3
246,2007-03-19,88.599998,85.199997,129445,96.15500039999999,90.35099996666665,82.55824995000005,296499.3
247,2007-03-26,87.800003,87.550003,108082,94.8200005,91.01933339999998,83.26374997500004,278472.0
248,2007-04-02,84.0,84.199997,119013,92.55999990000001,91.56766663333332,83.87199992500004,230278.4
249,2007-04-09,86.0,93.75,169646,91.31500020000001,92.39666673333332,84.79049997500005,212117.3
250,2007-04-16,95.900002,95.800003,188570,90.88000030000002,93.23966676666664,85.81425010000004,191395.9
251,2007-04-23,95.800003,93.099998,265202,90.20999980000002,93.88233336666664,86.85925007500005,183200.2
252,2007-04-30,93.25,94.0,223270,90.21500010000003,94.40300013333331,87.79175005000005,179554.1
253,2007-05-07,94.400002,88.699997,273338,89.68499980000001,94.77333349999998,88.52100000000004,188050.7
254,2007-05-14,91.5,83.900002,263594,89.525,94.76833346666665,89.08800002500004,194850.7
255,2007-05-21,85.349998,85.5,436332,89.16999970000002,94.64666673333332,89.66425000000004,217649.2
256,2007-05-28,85.5,88.099998,388823,89.45999980000002,94.47233326666665,90.12824992500005,243587.0
257,2007-06-04,85.800003,88.550003,195517,89.55999980000001,94.33099999999997,90.65450000000004,252330.5
258,2007-06-11,89.849998,91.699997,189526,90.30999980000001,94.23966649999998,91.25324992500005,259381.8
259,2007-06-18,91.0,93.349998,151568,90.26999960000002,93.96566643333333,91.86499995000005,257574.0
260,2007-06-25,93.199997,90.300003,131562,89.71999960000001,93.71899996666664,92.35974997500004,251873.2
261,2007-07-02,90.0,90.900002,241622,89.5,93.56733346666664,92.78675002500003,249515.2
262,2007-07-09,92.0,92.699997,153382,89.3699997,93.4026667333333,93.14475002500004,242526.4
263,2007-07-16,93.900002,94.5,414300,89.95,93.31933339999998,93.56750012500004,256622.6
264,2007-07-23,94.5,90.550003,573893,90.6150001,92.98933359999997,93.73000012500003,287652.5
265,2007-07-30,83.5,86.900002,107696,90.7550003,92.55333356666662,93.67375012500004,254788.9
266,2007-08-06,85.0,80.199997,602217,89.96500019999999,91.86000013333329,93.34550000000004,276128.3
267,2007-08-13,81.349998,78.650002,109841,88.97500009999999,91.11833346666663,92.99200002500004,267560.7
268,2007-08-20,80.650002,79.650002,703231,87.77000059999997,90.21333343333329,92.62225002500004,318931.2
269,2007-08-27,77.0,76.900002,488458,86.12500099999997,89.23666693333328,92.00550007500003,352620.2
270,2007-09-03,77.699997,74.949997,1116730,84.59000039999997,88.39666676666663,91.43675007500003,451137.0
271,2007-09-10,74.599998,74.699997,762790,82.96999989999996,87.55999989999997,90.91800007500004,503253.8
272,2007-09-17,77.0,76.449997,1073729,81.34499989999998,86.97666656666664,90.38825002500003,595288.5
273,2007-09-24,76.75,74.599998,991385,79.35499969999998,86.3299998333333,89.82824997500003,652997.0
274,2007-10-01,74.949997,70.949997,607739,77.39499909999998,85.84499973333331,89.09074997500004,656381.6
275,2007-10-08,72.449997,69.599998,956861,75.66499869999998,85.19666623333333,88.33124985000003,741298.1
276,2007-10-15,69.0,69.150002,2454296,74.55999919999996,84.66166639999999,87.53499990000003,926506.0
277,2007-10-22,70.0,80.449997,3179907,74.73999869999997,84.42499953333332,87.02374977500004,1233512.6
278,2007-10-29,83.5,79.849998,2023332,74.75999829999998,84.27999956666666,86.34999965000006,1365522.7
279,2007-11-05,80.0,76.150002,863869,74.68499829999998,83.69333296666666,85.59874977500004,1403063.8
280,2007-11-12,75.0,83.099998,1619306,75.49999839999998,83.26999946666666,85.17249967500005,1453321.4
281,2007-11-19,86.0,89.25,2142870,76.95499869999999,83.14166619999999,84.90874960000005,1591329.4
282,2007-11-26,94.0,91.349998,1708918,78.44499879999998,83.05333279999999,84.84374962500006,1654848.3
283,2007-12-03,91.900002,101.300003,3632657,81.1149993,83.47333299999998,85.02624970000005,1918975.5
284,2007-12-10,102.0,113.599998,3743266,85.3799994,84.46333286666666,85.72874965000005,2232528.2
285,2007-12-17,114.5,115.050003,1813153,89.9249999,85.44833296666665,86.37874965000006,2318157.4
286,2007-12-24,116.900002,118.099998,1084114,94.81999950000001,86.44833296666665,87.20124967500006,2181139.2
287,2007-12-31,119.849998,125.599998,3785636,99.33499960000002,87.6833328,88.15249955000006,2241712.1
288,2008-01-07,123.0,118.699997,2512545,103.21999950000001,88.58333280000001,89.01499955000006,2290633.4
289,2008-01-14,120.0,107.050003,980084,106.30999960000001,89.03999963333332,89.34749962500005,2302254.9
290,2008-01-21,105.0,97.099998,1293085,107.70999960000002,89.26666613333333,89.37999950000007,2269632.8
291,2008-01-28,97.0,95.349998,567615,108.3199994,89.41499933333334,89.43624950000006,2112107.3
292,2008-02-04,99.900002,91.849998,509758,108.36999940000001,89.38666603333334,89.38249945000007,1992191.3
293,2008-02-11,94.0,83.400002,406231,106.57999930000001,89.01666610000001,89.24999957500006,1669548.7
294,2008-02-18,84.5,84.849998,1333735,103.70499930000001,88.82666593333335,89.27374947500007,1428595.6
295,2008-02-25,86.25,87.949997,370972,100.9949987,88.86166576666669,89.33499940000007,1284377.5
296,2008-03-03,87.400002,70.849998,510566,96.26999869999999,88.54999913333336,88.90374940000007,1227022.7
297,2008-03-10,66.25,63.200001,731813,90.02999899999999,88.03499910000004,88.26999935000008,921640.4
298,2008-03-17,63.0,60.5,310258,84.20999929999998,87.39666570000004,87.48999942500008,701411.7
299,2008-03-24,60.5,71.5,523953,80.65499899999998,87.21666563333338,86.94374947500008,655798.6
300,2008-03-31,72.0,70.800003,329314,78.02499949999998,87.07833250000003,86.45624947500008,559421.5
301,2008-04-07,70.300003,72.300003,159758,75.71999999999997,86.99833270000002,85.99124950000007,518635.8
302,2008-04-14,71.0,74.900002,191405,74.02500039999997,86.94666620000001,85.54624962500006,486800.5
303,2008-04-21,76.800003,69.0,470327,72.58500019999997,86.7599996,84.90874962500007,493210.1
304,2008-04-28,69.599998,68.349998,1190557,70.93500019999996,86.67333296666668,84.35374950000008,478892.3
305,2008-05-05,68.800003,68.150002,800918,68.95500069999996,86.62499976666666,83.88499950000008,521886.9
306,2008-05-12,67.050003,70.099998,308682,68.88000069999995,86.65666630000001,83.63249952500007,501698.5
307,2008-05-19,70.099998,70.0,782956,69.56000059999995,86.30833306666666,83.41624947500007,506812.8
308,2008-05-26,68.5,68.150002,496384,70.32500079999996,85.91833319999999,83.12874947500008,525425.4
309,2008-06-02,66.099998,65.050003,700055,69.68000109999996,85.54833323333332,82.83249950000007,543035.6
310,2008-06-09,62.049999,63.400002,179675,68.94000099999997,84.89166669999999,82.54374962500006,528071.7
311,2008-06-16,64.25,61.799999,92996,67.89000059999996,83.97666666666665,82.22124967500005,521395.5
312,2008-06-23,63.400002,56.900002,195132,66.09000059999997,82.82833346666663,81.73249980000006,521768.2
313,2008-06-30,57.599998,49.75,279623,64.16500059999996,81.1100000333333,81.11124985000005,502697.8
314,2008-07-07,51.400002,51.549999,167793,62.48500069999996,79.0416667333333,80.62624990000003,400421.4
315,2008-07-14,51.0,49.5,238558,60.62000049999996,76.8566666333333,80.12374995000003,344185.4
316,2008-07-21,48.25,53.150002,154674,58.92500089999995,74.69166676666663,79.72374995000004,328784.6
317,2008-07-28,53.0,52.900002,189578,57.21500109999995,72.26833356666661,79.03500007500003,269446.8
318,2008-08-04,53.0,53.950001,238724,55.79500099999996,70.11000036666661,78.38750015000002,243680.8
319,2008-08-11,55.849998,54.349998,119684,54.725000499999965,68.3533335333333,77.84250005000004,185643.7
320,2008-08-18,53.25,51.849998,92798,53.57000009999997,66.84500019999997,77.06125005000004,176956.0
321,2008-08-25,52.700001,50.75,70348,52.46500019999998,65.35833359999997,76.09875005000004,174691.2
322,2008-09-01,47.099998,51.0,68609,51.87499999999998,63.99666699999997,75.09000010000003,162038.9
323,2008-09-08,52.049999,49.599998,115372,51.85999979999998,62.87000019999996,73.79749997500004,145613.8
324,2008-09-15,48.950001,47.75,151788,51.47999989999998,61.633333599999965,72.15125002500004,144013.3
325,2008-09-22,48.0,43.650002,79032,50.89500009999998,60.156667099999964,70.36625000000004,128060.7
326,2008-09-29,44.0,40.650002,168351,49.64500009999998,59.15000056666664,68.43000010000003,129428.4
327,2008-10-06,41.0,32.0,207874,47.554999899999984,58.110000533333306,66.09000015000002,131258.0
328,2008-10-13,32.0,29.700001,218114,45.12999989999999,57.08333389999997,63.86500025000002,129197.0
329,2008-10-20,29.35,24.950001,243616,42.190000199999986,55.53166726666664,61.81250020000003,141590.2
330,2008-10-27,24.0,23.9,331322,39.39500039999998,53.968333833333304,59.98250025000003,165442.6
331,2008-11-03,24.700001,23.950001,339723,36.71500049999998,52.35666709999997,58.197500325000036,192380.1
332,2008-11-10,24.799999,23.0,171768,33.91500049999998,50.6266670333333,56.47625037500003,202696.0
333,2008-11-17,23.0,21.549999,130653,31.110000599999978,49.0450003333333,54.93000030000003,204224.1
334,2008-11-24,22.5,20.0,258417,28.33500059999998,47.4333337333333,53.308750350000025,214887.0
335,2008-12-01,20.85,19.85,242427,25.95500039999998,45.82333366666663,51.60625042500002,231226.5
336,2008-12-08,20.0,20.0,362359,23.89000019999998,44.1533337333333,50.33500047500002,250627.3
337,2008-12-15,20.6,24.0,1890652,23.090000199999984,42.62000039999997,49.35500045000002,418905.1
338,2008-12-22,24.25,22.4,311727,22.360000099999986,41.095000333333296,48.402500450000026,428266.4
339,2008-12-29,22.1,25.549999,444923,22.419999899999986,39.7783335333333,47.25375042500003,448397.1
340,2009-01-05,26.0,23.450001,556163,22.374999999999986,38.446666833333296,46.07000037500002,470881.2
341,2009-01-12,27.0,23.85,178753,22.364999899999987,37.181666866666625,44.85875030000002,454784.2
342,2009-01-19,24.5,21.85,159796,22.249999899999985,36.013333466666616,43.53250025000001,453587.0
343,2009-01-26,22.799999,19.950001,449635,22.090000099999987,35.02000016666661,42.30625027500001,485485.2
344,2009-02-02,20.049999,19.35,354470,22.025000099999986,33.94666686666661,41.08125032500001,495090.5
345,2009-02-09,19.799999,19.65,295504,22.005000099999986,32.95166686666661,39.86875027500001,500398.2
346,2009-02-16,19.65,18.450001,214393,21.85000019999999,31.795000166666615,38.577500350000015,485601.6
347,2009-02-23,18.450001,18.25,69524,21.275000199999987,30.64000009999995,37.28375035000001,303488.8
348,2009-03-02,18.1,17.25,118289,20.760000199999986,29.41666673333328,36.011250300000015,284145.0
349,2009-03-09,17.5,17.799999,78255,19.985000199999984,28.19833343333328,34.830000200000015,247478.2
350,2009-03-16,18.0,18.9,153898,19.530000099999985,27.10000016666661,33.71750015000001,207251.7
351,2009-03-23,19.0,19.6,262407,19.105000099999984,26.061666833333277,32.662500175000005,215617.1
352,2009-03-30,19.700001,22.549999,532529,19.174999999999986,25.11333346666661,31.80375010000001,252890.4
353,2009-04-06,23.9,25.049999,548730,19.684999799999986,24.295000166666608,31.18625007500001,262799.9
354,2009-04-13,25.0,25.4,586584,20.289999799999986,23.550000166666607,30.53250010000001,286011.3
355,2009-04-20,25.1,24.450001,267093,20.769999899999984,22.910000133333273,29.906250125000007,283170.2
356,2009-04-27,24.950001,23.950001,69992,21.31999989999999,22.353333433333276,29.176250100000004,268730.1
357,2009-05-04,24.75,25.0,290747,21.99499989999999,22.120000099999945,28.478750050000002,290852.4
358,2009-05-11,25.0,24.85,159814,22.754999899999987,21.958333399999944,27.751250025,295004.9
359,2009-05-18,26.5,36.349998,1251311,24.609999799999986,22.33833329999994,27.301250025,412310.5
360,2009-05-25,36.299999,40.049999,1095468,26.72499969999999,22.876666599999943,27.006250050000006,506467.5
361,2009-06-01,41.0,41.299999,980680,28.894999599999988,23.454999866666604,26.77000002500001,578294.8
362,2009-06-08,42.0,36.150002,647783,30.25499989999999,23.893333266666605,26.39875007500001,589820.2
363,2009-06-15,35.5,31.450001,520065,30.895000099999987,24.223333333333276,25.94500015000001,586953.7
364,2009-06-22,32.450001,32.599998,368431,31.614999899999987,24.64333326666661,25.56625010000001,565138.4
365,2009-06-29,33.299999,32.5,594881,32.419999799999985,25.064999933333276,25.28750005000001,597917.2
366,2009-07-06,32.950001,28.6,342868,32.884999699999995,25.35166659999994,24.98625000000001,625204.8
367,2009-07-13,28.200001,31.299999,397319,33.514999599999996,25.59499989999994,24.96874997500001,635862.0
368,2009-07-20,31.5,35.5,2554726,34.579999599999994,26.03166656666661,25.113749950000006,875353.2
369,2009-07-27,35.700001,39.549999,3273472,34.89999969999999,26.498333233333273,25.478749900000004,1077569.3
370,2009-08-03,39.75,38.650002,1993142,34.759999999999984,27.004999933333274,25.847499950000003,1167336.7
371,2009-08-10,39.5,40.099998,928240,34.63999989999998,27.546666533333273,26.251249875000003,1162092.7
372,2009-08-17,39.0,40.400002,1763340,35.06499989999999,28.16499993333327,26.686249925000006,1273648.4
373,2009-08-24,41.099998,41.799999,2256992,36.09999969999999,28.893333199999933,27.192499925000003,1447341.1
374,2009-08-31,41.099998,43.549999,2053599,37.19499979999999,29.699999833333266,27.781249900000006,1615857.9
375,2009-09-07,43.5,43.099998,1071495,38.2549996,30.481666433333267,28.362499850000006,1663519.3
376,2009-09-14,42.5,42.849998,728467,39.6799994,31.2949996666666,28.933749800000005,1702079.2
377,2009-09-21,42.900002,47.099998,2361751,41.2599993,32.2566662666666,29.51124975,1898522.4
378,2009-09-28,47.0,47.900002,2066792,42.4999995,33.27833299999993,30.1487498,1849729.0
379,2009-10-05,46.25,44.799999,825572,43.0249995,34.17833299999993,30.6299998,1604939.0
380,2009-10-12,45.200001,47.25,997977,43.884999300000004,35.123332999999924,31.224999775000004,1505422.5
381,2009-10-19,47.349998,53.049999,3443214,45.17999940000001,36.2383329666666,31.954999750000006,1756919.9
382,2009-10-26,53.650002,51.150002,2175664,46.25499940000001,37.19166639999993,32.68749980000001,1798152.3
383,2009-11-02,51.0,52.650002,910513,47.33999970000001,38.111666499999934,33.50499982500001,1663504.4
384,2009-11-09,53.75,54.599998,1951745,48.4449996,39.08499976666659,34.38624977500002,1653319.0
385,2009-11-16,55.799999,52.25,958097,49.359999800000004,40.01166639999993,35.201249775000015,1641979.2
386,2009-11-23,52.349998,51.5,572184,50.225,40.92999969999993,36.02749975000002,1626350.9
387,2009-11-30,52.0,57.950001,1774378,51.3100003,42.0283330666666,37.01999977500002,1567613.6
388,2009-12-07,57.5,57.200001,1558525,52.24000020000001,43.10666643333327,38.01874980000001,1516786.9
389,2009-12-14,56.950001,56.200001,632058,53.380000400000014,43.76833319999993,38.97874985000001,1497435.5
390,2009-12-21,56.5,60.0,988591,54.65500040000002,44.433333233333265,40.00624985,1496496.9
391,2009-12-28,60.0,59.900002,960524,55.34000070000002,45.05333333333326,41.01374990000001,1248227.9
392,2010-01-04,59.400002,62.25,1670980,56.45000050000002,45.923333266666596,42.006249925000006,1197759.5
393,2010-01-11,62.549999,64.150002,4594937,57.60000050000002,47.01333329999993,42.98375000000001,1566201.9
394,2010-01-18,63.950001,57.75,1656420,57.91500070000002,47.85166669999993,43.792500000000004,1536669.4
395,2010-01-25,57.400002,52.299999,909612,57.920000600000016,48.511666666666606,44.48874995000001,1531820.9
396,2010-02-01,52.200001,50.549999,1027890,57.82500050000001,49.24333329999994,45.153749900000015,1577391.5
397,2010-02-08,51.650002,51.099998,403271,57.14000020000001,49.9033332666666,45.806249850000015,1440280.8
398,2010-02-15,50.5,50.25,320551,56.4450001,50.39499993333327,46.44124985000001,1316483.4
399,2010-02-22,51.200001,50.700001,347433,55.895000100000004,50.7666666666666,46.799999925000016,1288020.9
400,2010-03-01,51.0,52.900002,396030,55.1850003,51.241666666666596,47.12125000000002,1228764.8
401,2010-03-08,53.5,51.549999,477571,54.35,51.62333336666661,47.37750000000001,1180469.5
402,2010-03-15,51.849998,49.849998,416096,53.109999800000004,51.93833323333327,47.71999990000001,1054981.1
403,2010-03-22,50.700001,50.450001,641148,51.73999970000001,52.22666663333326,48.19499990000001,659602.2
404,2010-03-29,51.400002,52.0,948176,51.16499970000001,52.508333333333255,48.67999995000001,588777.8
405,2010-04-05,52.5,55.450001,2176188,51.47999990000002,52.920000099999925,49.25374997500001,715435.4
406,2010-04-12,55.950001,55.799999,587104,52.004999900000016,53.35166679999993,49.93374995000001,671356.8
407,2010-04-19,55.099998,57.5,1227072,52.64500010000002,53.69833353333327,50.58874997500001,753736.9
408,2010-04-26,58.0,57.849998,1430483,53.40499990000002,54.030000066666595,51.14749992500001,864730.1
409,2010-05-03,55.5,51.799999,1117052,53.51499970000001,54.26333339999993,51.45374992500001,941692.0
410,2010-05-10,53.0,50.400002,512899,53.26499970000001,54.3683334666666,51.747499925000014,953378.9
411,2010-05-17,49.0,47.25,531698,52.83499980000001,54.17500016666659,51.926249975000005,958791.6
412,2010-05-24,48.950001,49.200001,341606,52.77000010000002,54.11000013333326,52.14624995000001,951342.6
413,2010-05-31,49.0,50.75,580562,52.80000000000001,54.046666733333254,52.36999997500002,945284.0
414,2010-06-07,50.0,47.75,442080,52.375000000000014,53.81833346666659,52.47500000000002,894674.4
415,2010-06-14,48.0,48.150002,451158,51.645000100000004,53.68166686666659,52.601250100000016,722171.4
416,2010-06-21,48.900002,49.950001,686676,51.060000300000006,53.630000233333256,52.77875017500001,732128.6
417,2010-06-28,50.5,50.650002,887702,50.37500050000001,53.38666693333326,52.86750027500001,698191.6
418,2010-07-05,51.0,54.549999,1540370,50.0450006,53.29833353333326,53.03375020000001,709180.3
419,2010-07-12,54.950001,56.349998,3084718,50.500000500000006,53.303333433333265,53.322500175000016,905946.9
420,2010-07-19,57.450001,56.75,1310447,51.135000300000016,53.19500009999993,53.56000017500001,985701.7
421,2010-07-26,57.099998,55.700001,548500,51.980000400000016,53.055000066666594,53.62625022500002,987381.9
422,2010-08-02,57.0,59.700001,2562564,53.03000040000002,52.97000009999992,53.840000200000034,1209477.7
423,2010-08-09,60.25,56.700001,1593527,53.62500050000002,52.72166673333325,53.941250175000036,1310774.2
424,2010-08-16,58.0,62.349998,3263020,55.085000300000026,52.874999999999915,54.13500017500004,1592868.2
425,2010-08-23,62.349998,57.5,1121026,56.020000100000026,53.04833336666658,54.26625017500004,1659855.0
426,2010-08-30,58.0,58.849998,825755,56.90999980000002,53.32499999999991,54.450000125000045,1673762.9
427,2010-09-06,59.5,60.299999,1986995,57.87499950000002,53.63166669999991,54.50875007500004,1783692.2
428,2010-09-13,60.950001,58.799999,1327809,58.29999950000003,53.916666666666586,54.548750025000025,1762436.1
429,2010-09-20,58.75,59.150002,1192287,58.57999990000002,54.19833336666659,54.62250005000002,1573193.0
430,2010-09-27,59.099998,58.25,945193,58.72999990000002,54.37666663333325,54.57875005000002,1536667.6
431,2010-10-04,59.25,58.799999,1204558,59.03999970000001,54.61833329999992,54.55124997500002,1602273.4
432,2010-10-11,60.400002,59.5,2066940,59.019999600000006,54.940000033333256,54.48249997500002,1552711.0
433,2010-10-18,60.25,64.25,3604721,59.7749995,55.39999999999993,54.484999925000025,1753830.4
434,2010-10-25,64.25,58.799999,1708461,59.4199996,55.62666663333326,54.51124990000002,1598374.5
435,2010-11-01,59.450001,62.849998,1387645,59.9549994,55.87333319999993,54.77499987500003,1625036.4
436,2010-11-08,63.0,59.950001,859704,60.0649997,56.01166659999992,55.00999992500003,1628431.3
437,2010-11-15,60.0,57.349998,530025,59.769999600000006,56.00666653333325,55.16624992500003,1482734.3
438,2010-11-22,58.75,52.25,450814,59.11499970000001,55.81999993333326,55.216249925000035,1395034.8
439,2010-11-29,53.5,54.650002,313888,58.66499970000001,55.91500003333326,55.31499995000003,1307194.9
440,2010-12-06,54.75,52.150002,382785,58.054999900000006,55.97333336666659,55.296249950000025,1250954.1
441,2010-12-13,52.150002,53.849998,185266,57.559999800000014,56.19333329999992,55.35374992500003,1149024.9
442,2010-12-20,53.900002,54.150002,221690,57.02500000000001,56.358333333333256,55.46125002500003,964499.9
443,2010-12-27,55.0,53.599998,448932,55.95999980000001,56.45333326666659,55.53999995000002,648921.0
444,2011-01-03,54.0,52.099998,546028,55.289999700000024,56.59833319999992,55.54249990000003,532677.7
445,2011-01-10,54.25,49.400002,655152,53.945000100000016,56.639999866666585,55.391249925000025,459428.4
446,2011-01-17,49.0,49.599998,379989,52.909999800000016,56.62833309999992,55.23624990000003,411456.9
447,2011-01-24,50.0,48.849998,394675,52.059999800000014,56.56833296666658,55.01999985000003,397921.9
448,2011-01-31,48.0,46.75,303036,51.50999980000002,56.30833299999991,54.74249990000003,383144.1
449,2011-02-07,46.75,45.099998,301835,50.55499940000002,55.93333299999991,54.57499987500004,381938.8
450,2011-02-14,46.849998,46.849998,256673,50.02499900000002,55.60333293333324,54.48624977500005,369327.6
451,2011-02-21,47.950001,44.5,210294,49.08999920000002,55.22999956666658,54.417499775000046,371830.4
452,2011-02-28,45.799999,48.400002,314280,48.51499920000002,54.85333293333325,54.397499800000034,381089.4
453,2011-03-07,48.5,47.650002,429233,47.91999960000002,54.55166629999992,54.31999985000003,379119.5
454,2011-03-14,47.25,46.0,274397,47.309999800000014,54.006666366666586,54.276249850000035,351956.4
455,2011-03-21,46.0,47.299999,955488,47.09999950000001,53.66666633333326,54.25499977500003,381990.0
456,2011-03-28,47.900002,47.650002,467983,46.90499990000001,53.29333313333326,54.197499800000024,390789.4
457,2011-04-04,48.900002,52.450001,822105,47.26500020000001,53.03166653333326,54.242499775000034,433532.4
458,2011-04-11,53.700001,56.099998,1021206,48.20000000000001,52.94166649999992,54.28124975000004,505349.4
459,2011-04-18,56.0,53.900002,457447,49.0800004,52.76666649999992,54.219999850000036,520910.6
460,2011-04-25,54.25,52.450001,389498,49.64000070000001,52.573333199999915,54.11249987500004,534193.1
461,2011-05-02,52.400002,50.849998,620187,50.27500050000001,52.30833316666658,53.991249800000034,575182.4
462,2011-05-09,51.299999,49.099998,284791,50.345000100000014,51.96166643333324,53.72624972500004,572233.5
463,2011-05-16,49.0,48.099998,160170,50.38999970000002,51.42333303333324,53.51124965000004,545327.2
464,2011-05-23,48.049999,46.700001,115431,50.45999980000003,51.01999976666657,53.119999725000035,529430.6
465,2011-05-30,47.25,46.700001,366275,50.40000000000003,50.48166653333324,52.84999975000004,470509.3
466,2011-06-06,47.0,47.650002,796020,50.400000000000034,50.07166656666657,52.56999985000003,503313.0
467,2011-06-13,47.0,47.950001,417291,49.95000000000004,49.75833333333324,52.26124990000004,462831.6
468,2011-06-20,48.700001,45.349998,229573,48.875000000000036,49.52833326666657,51.92499987500005,383668.3
469,2011-06-27,45.0,46.900002,194284,48.17500000000003,49.26999993333324,51.61874987500005,357352.0
470,2011-07-04,46.950001,47.799999,189956,47.709999800000034,49.12499983333324,51.357499850000046,337397.8
471,2011-07-11,47.25,47.5,99044,47.375000000000036,48.91333323333324,51.074999875000046,285283.5
472,2011-07-18,47.5,46.299999,176206,47.09500010000003,48.651666466666576,50.74499985000004,274425.0
473,2011-07-25,46.549999,45.349998,252771,46.82000010000003,48.37666646666658,50.27249980000005,283685.1
474,2011-08-01,46.400002,42.25,178108,46.37500000000003,48.04833319999991,49.85874982500005,289952.8
475,2011-08-08,42.0,40.099998,355310,45.71499970000003,47.73833306666657,49.289999825000045,288856.3
476,2011-08-15,41.200001,38.150002,244331,44.76499970000003,47.35666653333325,48.74499985000005,233687.4
477,2011-08-22,38.5,39.200001,404515,43.88999970000003,47.034999966666575,48.29124992500005,232409.8
478,2011-08-29,40.099998,40.400002,149276,43.395000100000026,46.82333336666658,47.994999975000056,224380.1
479,2011-09-05,40.0,40.200001,168880,42.72500000000002,46.66000013333325,47.63374995000005,221839.7
480,2011-09-12,40.450001,39.450001,119719,41.89000020000002,46.41333356666658,47.316249925000044,214816.0
481,2011-09-19,39.75,38.599998,177838,41.00000000000002,46.21666683333324,46.93499992500004,222695.4
482,2011-09-26,38.200001,37.799999,142647,40.15000000000002,45.86333339999991,46.52624985000004,219339.5
483,2011-10-03,37.5,36.299999,150298,39.24500010000003,45.48499996666658,46.09374987500005,209092.2
484,2011-10-10,37.099998,37.299999,118927,38.75000000000003,45.19499993333325,45.72374990000005,203174.1
485,2011-10-17,37.950001,36.900002,128823,38.430000400000026,44.84833336666658,45.41124990000005,180525.4
486,2011-10-24,36.650002,38.150002,183057,38.430000400000026,44.53166669999992,45.12500000000006,174398.0
487,2011-10-31,38.0,36.450001,234168,38.15500040000003,43.99833336666658,44.81500007500006,157363.3
488,2011-11-07,36.450001,36.099998,177984,37.72500000000004,43.331666699999914,44.548750025000054,160234.1
489,2011-11-14,36.150002,32.049999,322643,36.90999980000004,42.60333326666658,44.22250005000006,175610.4
490,2011-11-21,32.200001,31.15,196674,36.07999970000004,41.89333323333325,43.83000010000006,183305.9
491,2011-11-28,31.5,29.700001,512403,35.19000000000003,41.188333333333254,43.460000125000064,216762.4
492,2011-12-05,29.9,28.549999,98963,34.26500000000003,40.50333336666659,42.96375005000006,212394.0
493,2011-12-12,28.65,24.9,1431332,33.12500010000003,39.730000099999934,42.39500000000006,340497.4
494,2011-12-19,24.9,30.200001,488472,32.415000300000024,39.18000009999993,42.00000002500006,377451.9
495,2011-12-26,30.299999,30.549999,318904,31.78000000000003,38.64166669999994,41.58125002500006,396460.0
496,2012-01-02,31.0,30.75,159972,31.039999800000032,38.07833329999993,41.158749975000056,394151.5
497,2012-01-09,31.200001,35.150002,1017075,30.90999990000003,37.65166666666661,40.726250000000064,472442.2
498,2012-01-16,35.099998,33.400002,278510,30.640000300000032,37.25333346666661,40.15875010000006,482494.8
499,2012-01-23,33.549999,32.75,278724,30.71000040000003,36.781666733333275,39.63000005000006,478102.9
500,2012-01-30,33.099998,34.0,697327,30.99500040000003,36.3216667666666,39.168750025000065,528168.2
501,2012-02-06,34.900002,34.849998,408619,31.51000010000003,35.90000003333327,38.76875002500007,517789.8
502,2012-02-13,35.599998,36.099998,387981,32.26500000000003,35.55999999999993,38.443750025000064,546691.6
503,2012-02-20,36.099998,33.799999,279566,33.15499990000003,35.17500003333327,38.08625005000007,431515.0
504,2012-02-27,34.0,33.349998,196377,33.46999960000004,34.87833329999993,37.75249997500007,402305.5
505,2012-03-05,33.0,33.25,212228,33.739999700000034,34.65000003333327,37.41624995000007,391637.9
506,2012-03-12,34.0,33.049999,330139,33.96999960000004,34.47999993333327,37.05124987500007,408654.6
507,2012-03-19,33.049999,31.65,206545,33.619999400000026,34.228333233333274,36.64374985000008,327601.6
508,2012-03-26,32.25,31.049999,151899,33.38499910000003,33.91666646666661,36.28624987500008,314940.5
509,2012-04-02,31.9,32.849998,171321,33.39499890000003,33.67166636666661,35.93499977500007,304200.2
510,2012-04-09,33.950001,32.549999,338177,33.24999880000003,33.44166629999994,35.55374977500007,268285.2
511,2012-04-16,32.049999,33.650002,403943,33.12999920000003,33.27666643333327,35.20749982500008,267817.6
512,2012-04-23,33.75,31.5,192052,32.66999940000003,33.06666646666661,34.83749985000007,248224.7
513,2012-04-30,34.0,35.75,1734378,32.864999500000025,33.048333166666616,34.597499900000074,393705.9
514,2012-05-07,35.900002,37.5,1330118,33.27999970000003,33.05499986666662,34.478749900000075,507080.0
515,2012-05-14,38.0,35.299999,337337,33.48499960000003,33.001666433333284,34.35874992500008,519590.9
516,2012-05-21,35.0,36.400002,318802,33.819999900000035,32.943333099999954,34.31499992500008,518457.2
517,2012-05-28,36.0,37.049999,279209,34.35999980000004,32.963333033333285,34.26124987500008,525723.6
518,2012-06-04,36.900002,37.799999,177030,35.03499980000004,33.01999973333328,34.19624980000008,528236.7
519,2012-06-11,37.549999,40.650002,413024,35.81500020000003,33.30666649999995,34.207499825000085,552407.0
520,2012-06-18,43.200001,41.5,1876339,36.71000030000003,33.651666499999955,34.25874980000009,706223.2
521,2012-06-25,42.349998,41.549999,437222,37.500000000000036,34.046666433333286,34.33249982500009,709551.1
522,2012-07-02,42.25,42.650002,732788,38.61500020000003,34.51666653333328,34.45374990000009,763624.7
523,2012-07-09,42.0,42.049999,470922,39.245000100000034,35.088333166666615,34.597499900000095,637279.1
524,2012-07-16,42.0,41.0,365657,39.595000100000036,35.448333133333286,34.689999925000095,540833.0
525,2012-07-23,40.099998,39.599998,342265,40.02500000000003,35.74999976666661,34.75749982500009,541325.8
526,2012-07-30,39.0,39.599998,349505,40.34499960000003,36.04499969999994,34.79374972500008,544396.1
527,2012-08-06,39.900002,39.049999,179954,40.544999600000025,36.17499959999994,34.858749675000084,534470.6
528,2012-08-13,39.0,38.599998,502740,40.62499950000003,36.34833279999994,34.921249675000084,567041.6
529,2012-08-20,38.599998,38.400002,216844,40.399999500000035,36.536666199999935,35.079999750000084,547423.6
530,2012-08-27,38.200001,36.200001,143327,39.869999600000035,36.6099995666666,35.20624977500008,374122.4
531,2012-09-03,30.0,37.549999,139987,39.46999960000004,36.69999959999994,35.402499725000084,344398.9
532,2012-09-10,38.599998,41.400002,1485638,39.34499960000004,36.87666639999995,35.723749800000085,419683.9
533,2012-09-17,42.299999,40.25,271147,39.16499970000004,37.09166643333328,36.107499800000085,399706.4
534,2012-09-24,39.650002,41.200001,799539,39.184999800000035,37.353333199999945,36.38249980000008,443094.6
535,2012-10-01,41.349998,45.349998,1358548,39.75999980000004,37.75666646666661,36.75249977500008,544722.9
536,2012-10-08,45.349998,43.849998,840232,40.184999800000035,38.11666643333327,37.07999972500008,593795.6
537,2012-10-15,43.700001,47.5,2237446,41.029999900000035,38.6449997666666,37.38874967500008,799544.8
538,2012-10-22,48.25,45.150002,2099216,41.685000300000034,39.1149998666666,37.682499675000074,959192.4
539,2012-10-29,44.549999,44.0,372292,42.24500010000004,39.486666599999936,37.963749675000074,974737.2
540,2012-11-05,43.75,52.75,3811744,43.90000000000004,40.159999966666604,38.432499675000074,1341578.9
541,2012-11-12,53.650002,49.75,1179799,45.12000010000004,40.6966665666666,38.80499972500008,1445560.1
542,2012-11-19,49.75,49.25,2390945,45.90499990000004,41.28833323333326,39.133749775000084,1536090.8
543,2012-11-26,49.5,52.400002,2308124,47.12000010000004,41.843333299999934,39.59874985000008,1739788.5
544,2012-12-03,52.900002,60.200001,3596718,49.02000010000005,42.59999999999993,40.26999992500008,2019506.4
545,2012-12-10,61.150002,59.599998,1429823,50.44500010000004,43.4099999666666,40.92874987500008,2026633.9
546,2012-12-17,60.299999,57.099998,652713,51.77000010000004,44.09999983333326,41.529999850000074,2007882.0
547,2012-12-24,56.849998,57.0,635535,52.720000100000036,44.764999866666585,42.16374985000007,1847690.9
548,2012-12-31,57.849998,58.849998,1709264,54.08999970000004,45.46666649999991,42.85874982500007,1808695.7
549,2013-01-07,59.0,55.400002,672370,55.22999990000004,45.95833316666658,43.422499925000075,1838703.5
550,2013-01-14,55.849998,56.099998,865722,55.564999700000044,46.44499976666658,44.01124990000007,1544101.3
551,2013-01-21,56.349998,55.200001,1260185,56.10999980000005,46.89999983333324,44.54999987500007,1552139.9
552,2013-01-28,55.599998,57.75,653096,56.95999980000005,47.403333099999905,45.20624987500007,1378355.0
553,2013-02-04,57.75,55.099998,552003,57.229999400000054,47.838333066666564,45.689999825000065,1202742.9
554,2013-02-11,55.75,50.200001,1678055,56.229999400000054,48.144999766666565,46.00749985000006,1010876.6
555,2013-02-18,50.200001,52.900002,862811,55.55999980000005,48.58833323333324,46.44749992500006,954175.4
556,2013-02-25,52.0,48.299999,811789,54.67999990000004,48.87833326666657,46.74499985000006,970083.0
557,2013-03-04,48.0,47.450001,685932,53.725000000000044,49.15833333333323,47.00499990000006,975122.7
558,2013-03-11,47.700001,46.400002,387290,52.48000040000004,49.418333466666574,47.21999997500006,842925.3
559,2013-03-18,45.799999,42.349998,642101,51.17500000000005,49.549999999999905,47.26249987500005,839898.4
560,2013-03-25,43.299999,45.599998,375792,50.12500000000004,49.863333233333236,47.364999825000055,790905.4
561,2013-04-01,46.0,50.099998,831975,49.61499970000005,50.28166653333323,47.57874980000005,748084.4
562,2013-04-08,49.349998,49.099998,292115,48.749999500000044,50.53833306666656,47.73999970000004,711986.3
563,2013-04-15,49.099998,47.0,349811,47.939999700000044,50.763333066666554,47.86374972500004,691767.1
564,2013-04-22,47.0,53.049999,829688,48.22499950000004,51.15833299999989,48.164999700000045,606930.4
565,2013-04-29,53.0,48.450001,946263,47.779999400000044,51.261666433333225,48.386249775000046,615275.6
566,2013-05-06,48.5,56.049999,5083458,48.554999400000035,51.668333133333235,48.79749980000005,1042442.5
567,2013-05-13,55.5,56.849998,2828783,49.49499910000004,51.97999973333323,49.24249977500004,1256727.6
568,2013-05-20,57.650002,53.25,1576490,50.179998900000044,52.24999966666656,49.60874982500005,1375647.6
569,2013-05-27,53.5,52.450001,1140963,51.189999200000045,52.531666366666556,49.95999980000004,1425533.8
570,2013-06-03,52.599998,52.849998,778512,51.91499920000005,52.53499963333322,50.376249725000044,1465805.8
571,2013-06-10,53.450001,50.75,590614,51.97999940000004,52.56833296666655,50.70624975000005,1441669.7
572,2013-06-17,50.900002,50.049999,609252,52.07499950000003,52.594999599999895,50.92249967500005,1473383.4
573,2013-06-24,50.049999,49.299999,473624,52.30499940000003,52.491666166666555,51.14874965000005,1485764.7
574,2013-07-01,49.5,55.25,1615106,52.524999500000035,52.32666613333323,51.499999625000044,1564306.5
575,2013-07-08,55.349998,54.349998,1001494,53.114999200000035,52.15166613333323,51.724999625000045,1569829.6
576,2013-07-15,54.0,64.550003,4348940,53.96499960000004,52.39999963333323,52.242499750000036,1496377.8
577,2013-07-22,64.449997,56.5,1428904,53.92999980000004,52.383332966666565,52.46749975000004,1356389.9
578,2013-07-29,57.0,51.0,928475,53.70499980000004,52.12166636666657,52.61374970000004,1291588.4
579,2013-08-05,51.25,54.400002,686831,53.89999990000003,52.088333033333235,52.87374975000004,1246175.2
580,2013-08-12,56.0,54.599998,678430,54.07499990000004,52.03833303333324,52.91999970000004,1236167.0
581,2013-08-19,54.950001,52.549999,547908,54.25499980000003,51.94999963333324,52.989999675000035,1231896.4
582,2013-08-26,53.0,51.599998,422385,54.409999700000036,51.74499956666657,53.04874962500004,1213209.7
583,2013-09-02,51.200001,51.849998,343152,54.664999600000044,51.63666623333324,53.034999525000046,1200162.5
584,2013-09-09,51.849998,52.25,1194424,54.36499960000005,51.704999533333236,52.836249500000044,1158094.3
585,2013-09-16,53.0,53.0,1252738,54.229999800000044,51.7083327999999,52.67124955000004,1183218.7
586,2013-09-23,52.599998,55.549999,1544572,53.32999940000004,51.94999946666657,52.63249957500003,902781.9
587,2013-09-30,55.549999,57.75,884774,53.45499940000004,52.29333276666657,52.65124957500003,848368.9
588,2013-10-07,57.200001,57.75,810926,54.129999400000045,52.67166603333324,52.62374962500003,836614.0
589,2013-10-14,58.0,57.900002,582066,54.47999940000004,53.18999949999991,52.68624962500003,826137.5
590,2013-10-21,58.099998,57.650002,954645,54.78499980000004,53.591666299999915,52.72499972500002,853759.0
591,2013-10-28,57.950001,58.950001,1483991,55.42500000000005,53.88666639999992,52.81874972500002,947367.3
592,2013-11-04,58.950001,65.5,3636557,56.81500020000004,54.43333313333325,53.01249972500002,1268784.5
593,2013-11-11,67.5,72.849998,5890426,58.915000200000044,55.29499973333325,53.45624972500002,1823511.9
594,2013-11-18,74.0,70.699997,3887137,60.75999990000005,55.88333299999991,53.96874962500002,2092783.2
595,2013-11-25,71.099998,75.400002,2495070,63.000000100000044,56.781666366666585,54.53124962500002,2217016.4
596,2013-12-02,76.0,76.0,2270427,65.04500020000005,57.44666639999991,55.22374965000002,2289601.9
597,2013-12-09,77.599998,80.099998,4399040,67.28000000000006,58.22166639999991,56.039999575000024,2641028.5
598,2013-12-16,80.0,81.050003,1931489,69.61000030000005,59.14833316666658,56.906249600000024,2753084.8
599,2013-12-23,81.75,82.75,2237012,72.09500010000005,60.15833313333325,57.91624965000002,2918579.4
600,2013-12-30,82.75,89.800003,4070019,75.31000020000005,61.389999966666586,59.021249775000015,3230116.8
601,2014-01-06,90.699997,84.400002,3047820,77.85500030000004,62.51166669999993,59.878749875000004,3386499.7
602,2014-01-13,84.849998,80.199997,1078701,79.32500000000005,63.51666663333325,60.65624985000001,3130714.1
603,2014-01-20,80.0,86.0,3461187,80.64000020000005,64.73999999999992,61.63124985,2887790.2
604,2014-01-27,84.800003,84.75,1180776,82.04500050000004,65.72333333333326,62.42374987500001,2617154.1
605,2014-02-03,84.0,83.949997,1090225,82.90000000000003,66.70999996666659,63.31124977500001,2476669.6
606,2014-02-10,84.199997,76.75,4080708,82.97500000000004,67.11666653333326,63.82874980000001,2657697.7
607,2014-02-17,75.199997,76.849998,1353697,82.65000000000003,67.79499979999993,64.32874980000001,2353163.4
608,2014-02-24,76.5,77.900002,1784851,82.33499990000003,68.69166653333326,64.94499985000002,2338499.6
609,2014-03-03,77.800003,86.650002,2961391,82.72500010000002,69.76666653333326,65.799999875,2410937.5
610,2014-03-10,86.849998,94.300003,6244236,83.1750001,71.09000003333325,66.83624999999999,2628359.2
611,2014-03-17,94.300003,104.300003,2884775,85.16500020000002,72.81500016666658,68.17500007499999,2612054.7
612,2014-03-24,102.5,109.050003,4243126,88.05000080000002,74.73000033333324,69.65000017499999,2928497.2
613,2014-03-31,110.300003,116.400002,2992462,91.09000100000002,76.88166713333322,71.32750024999999,2881624.7
614,2014-04-07,117.050003,123.199997,3747195,94.93500070000002,79.24666703333324,73.026250175,3138266.6
615,2014-04-14,123.199997,118.099998,2083130,98.35000080000002,81.41666696666657,74.620000175,3237557.1
616,2014-04-21,118.150002,118.550003,1627215,102.53000110000002,83.5166670999999,75.970000175,2992207.8
617,2014-04-28,119.0,136.600006,6874095,108.50500190000005,86.14500063333324,77.972500325,3544247.6
618,2014-05-05,136.899994,153.399994,8807433,116.05500110000006,89.33333376666657,80.532500175,4246505.8
619,2014-05-12,155.199997,152.600006,3861010,122.65000150000003,92.49000056666658,82.987500275,4336467.7
620,2014-05-19,155.0,163.199997,2137439,129.54000090000002,96.00833373333326,85.70250025,3925788.0
621,2014-05-26,164.399994,149.699997,1663251,134.0800003,99.03333359999992,88.13125020000001,3803635.6
622,2014-06-02,154.5,173.899994,3460266,140.5649994,102.64666673333325,91.18875010000001,3725349.6
623,2014-06-09,175.0,162.100006,1196994,145.1349998,105.62166699999992,93.9450003,3545802.8
624,2014-06-16,161.0,166.649994,563601,149.47999950000002,108.82000023333325,96.80500015,3227443.4
625,2014-06-23,166.649994,176.050003,977562,155.27500000000003,112.17500026666657,99.881250225,3116886.6
626,2014-06-30,177.050003,208.25,4042270,164.24499970000002,116.5833335999999,103.69875024999999,3358392.1
627,2014-07-07,209.899994,198.199997,2696991,170.40499880000002,120.52000023333325,107.21000017499998,2940681.7
628,2014-07-14,201.600006,203.149994,1739387,175.3799988,124.58999993333325,110.84500002499999,2233877.1
629,2014-07-21,203.0,206.050003,1217201,180.72499850000003,128.70000003333323,114.54875005,1969496.2
630,2014-07-28,206.0,204.25,1150703,184.82999880000006,132.51499993333326,118.21374999999998,1870822.6
631,2014-08-04,204.199997,200.25,699674,189.88499910000007,136.37666653333324,121.74624997499998,1774464.9
632,2014-08-11,199.300003,193.649994,1935196,191.8599991000001,140.1583330999999,124.94999982499999,1621957.9
633,2014-08-18,193.699997,204.100006,1690065,196.05999910000008,144.09499996666656,128.23125002499998,1671265.0
634,2014-08-25,206.800003,217.69999700000002,2349180,201.1649994000001,148.52666653333324,131.906250025,1849822.9
635,2014-09-01,222.0,229.899994,1870185,206.54999850000013,153.39166643333326,135.768749825,1939085.2
636,2014-09-08,232.0,229.850006,859488,208.70999910000015,158.49499996666657,139.614999975,1620807.0
637,2014-09-15,226.30000299999998,230.399994,1503825,211.9299988000001,163.6133331666666,143.372499875,1501490.4
638,2014-09-22,230.0,208.5,1770029,212.46499940000012,167.96666643333324,146.5587498,1504554.6
639,2014-09-29,208.5,214.350006,570998,213.29499970000015,172.22333323333322,149.84874994999998,1439934.3
640,2014-10-06,214.350006,219.55000299999998,1116013,214.82500000000013,176.39833323333323,153.09249995,1436465.3
641,2014-10-13,221.649994,215.44999700000002,1062869,216.34499970000016,180.1033330333332,156.36874982499995,1472784.8
642,2014-10-20,219.5,222.94999700000002,390965,219.27500000000018,183.89999949999986,159.93749982499997,1318361.7
643,2014-10-27,224.30000299999998,224.149994,1239824,221.27999880000016,187.49166589999987,163.39124967499998,1273337.6
644,2014-11-03,224.149994,245.44999700000002,1432502,224.05499880000016,191.56666589999986,167.40874959999996,1181669.8
645,2014-11-10,240.0,247.899994,2427621,225.85499880000015,195.89333243333323,171.507499525,1237413.4
646,2014-11-17,247.30000299999998,258.899994,1882320,228.75999760000013,200.57166546666656,176.061249375,1339696.6
647,2014-11-24,259.149994,263.25,2108638,232.04499820000015,204.79333193333323,180.721249425,1400177.9
648,2014-12-01,264.0,266.399994,675308,237.83499760000012,208.5599985999999,185.43374922499999,1290705.8
649,2014-12-08,264.200012,244.69999700000002,1269937,240.86999670000014,211.6299982999999,189.3849991,1360599.7
650,2014-12-15,242.30000299999998,265.549988,3114446,245.46999520000014,215.04166466666658,193.66624872499997,1560443.0
651,2014-12-22,264.899994,256.049988,839751,249.52999430000014,218.58666436666655,197.45999834999995,1538131.2
652,2014-12-29,256.100006,268.700012,704959,254.1049958000001,221.74666496666657,201.45124857499997,1569530.6
653,2015-01-05,266.299988,270.450012,1255082,258.7349976000001,225.35833183333324,205.30249882499993,1571056.4
654,2015-01-12,268.700012,272.200012,1471383,261.40999910000005,228.87666576666658,209.0274991999999,1574944.5
655,2015-01-19,272.200012,260.200012,763641,262.6400009,231.68166606666657,212.5799995499999,1408546.5
656,2015-01-26,260.200012,253.55000299999998,727533,262.1050018,233.19166616666658,215.9549995499999,1293067.8
657,2015-02-02,253.350006,251.19999700000002,828176,260.90000150000003,234.95833283333326,218.81999932499988,1165021.6
658,2015-02-09,250.44999700000002,265.549988,1668975,260.81500090000003,237.03833263333323,221.62374917499992,1264388.3
659,2015-02-16,268.399994,274.100006,1092321,263.75500180000006,239.30666606666654,224.6612491749999,1246626.7
660,2015-02-23,274.0,272.950012,700795,264.49500420000004,241.59666646666656,227.4049995499999,1005261.6
661,2015-03-02,269.700012,279.950012,851168,266.8850066000001,244.25333353333323,230.6612499249999,1006403.3
662,2015-03-09,277.899994,291.200012,3258669,269.1350066000001,247.5050007999999,233.5937503749999,1261774.3
663,2015-03-16,296.700012,276.649994,1536197,269.7550048000001,249.92333373333324,236.45750007499987,1289885.8
664,2015-03-23,275.5,272.549988,474651,269.79000240000005,251.75166676666657,239.1049999249999,1190212.6
665,2015-03-30,271.049988,289.600006,501913,272.7300018000001,253.74166716666656,241.9437499999999,1164039.8
666,2015-04-06,290.100006,287.350006,383125,276.1100021000001,255.65833383333322,243.92125014999993,1129599.0
667,2015-04-13,288.100006,269.950012,432029,277.98500360000014,256.97666776666654,245.7150005249999,1089984.3
668,2015-04-20,270.399994,273.5,1294184,278.7800048000001,259.1433344333332,247.47375067499993,1052505.2
669,2015-04-27,273.25,269.049988,368231,278.2750030000001,260.9666671666666,249.04875029999994,980096.2
670,2015-05-04,270.5,260.649994,449857,277.0450012,262.3366668666666,250.45875014999993,955002.4
671,2015-05-11,261.649994,251.25,933340,274.175,263.5300002999999,251.73375014999993,963219.6
672,2015-05-18,250.0,250.350006,865108,270.0899994,264.44333393333324,253.15125044999996,723863.5
673,2015-05-25,250.350006,248.100006,794068,267.23500060000003,265.24166766666656,254.25125044999996,649650.6
674,2015-06-01,248.100006,236.80000299999998,388547,263.66000210000004,264.9533345333332,254.72875059999996,641040.2
675,2015-06-08,239.94999700000002,223.44999700000002,704042,257.0450012,264.13833463333316,254.56750067499996,661253.1
676,2015-06-15,223.94999700000002,230.75,605104,251.3850006,263.2000014999998,254.59000052499997,683451.0
677,2015-06-22,231.94999700000002,246.850006,452506,249.075,262.6533350333332,255.001250825,685498.7
678,2015-06-29,245.5,259.799988,616394,247.70499879999997,262.43333483333316,256.283750525,617719.7
679,2015-07-06,259.899994,253.100006,296590,246.11000059999998,262.71333513333315,257.252500525,610555.6
680,2015-07-13,258.899994,261.200012,444550,246.1650024,262.5683359333332,258.29375074999996,610024.9
681,2015-07-20,261.0,265.149994,573078,247.55500179999999,262.8716694666665,259.53625067499996,573998.7
682,2015-07-27,262.899994,255.600006,388592,248.0800018,262.43500259999985,260.3525009,526347.1
683,2015-08-03,257.850006,260.700012,318061,249.3400024,262.1100025999998,261.26625135,478746.4
684,2015-08-10,261.950012,252.899994,740323,250.9500015,261.4666686666665,261.452501275,513924.0
685,2015-08-17,254.80000299999998,248.44999700000002,337936,253.4500015,261.0750014999998,261.46625135,477313.4
686,2015-08-24,239.850006,242.5,907572,254.6250015,260.70666806666645,261.05625150000003,507560.2
687,2015-08-31,241.0,233.80000299999998,686588,253.32000119999998,260.1266682666665,260.320001575,530968.4
688,2015-09-07,238.0,236.149994,246807,250.9550018,259.1466684666665,259.563751575,494009.7
689,2015-09-14,241.0,233.5,291863,248.9950012,257.7933349333332,259.28375165,493537.0
690,2015-09-21,229.0,231.69999700000002,228214,246.04499969999998,256.41833443333314,258.437501875,471903.4
691,2015-09-28,235.850006,235.5,267595,243.0800003,254.93666736666648,257.923752175,441355.1
692,2015-10-05,240.0,236.44999700000002,341186,241.1649994,253.11166686666647,257.1175018,436614.5
693,2015-10-12,236.44999700000002,251.600006,513139,240.25499879999998,252.27666726666646,256.64625165,456122.3
694,2015-10-19,251.600006,245.5,183276,239.5149994,251.3750009999998,255.97875135000004,400417.6
695,2015-10-26,250.0,250.75,423424,239.74499969999997,250.0800007999998,255.74250105000004,408966.4
696,2015-11-02,244.149994,238.899994,270898,239.38499909999996,248.46500039999984,255.37625082500003,345299.0
697,2015-11-09,231.649994,253.600006,209981,241.3649994,247.9200001999998,255.43625105000007,297638.3
698,2015-11-16,253.0,265.299988,442359,244.27999880000002,247.64666646666646,255.43000105000004,317193.5
699,2015-11-23,265.5,255.399994,315081,246.46999820000002,247.1916666666665,254.96250075000003,319515.3
700,2015-11-30,255.899994,245.25,358017,247.8249985,246.67833353333313,254.27000045000005,332495.6
701,2015-12-07,245.30000299999998,248.149994,227074,249.0899979,246.57499999999982,253.47500000000005,328443.5
702,2015-12-14,248.100006,255.600006,374398,251.00499879999998,246.74999999999983,252.5849998500001,331764.7
703,2015-12-21,255.0,250.5,261772,250.89499819999997,246.82999979999983,251.9312500000001,306628.0
704,2015-12-28,250.25,254.75,150645,251.81999819999996,247.42833303333316,251.48625030000008,303364.9
705,2016-01-04,252.100006,259.0,394925,252.64499819999997,248.61333313333316,250.72125015000006,300515.0
706,2016-01-11,253.0,233.149994,328100,252.06999819999996,248.69333293333318,249.36624985000003,306235.2
707,2016-01-18,243.0,223.69999700000002,702334,249.07999729999997,247.9216659666665,248.20999947500005,355470.5
708,2016-01-25,258.0,232.100006,169444,245.75999910000002,246.99833323333317,247.17499962500005,328179.0
709,2016-02-01,232.649994,226.100006,143122,242.83000030000002,246.09833323333316,246.10125007500005,310983.1
710,2016-02-08,227.0,220.80000299999998,287211,240.3850006,244.75166626666652,245.10500030000009,303902.5
711,2016-02-15,225.0,237.350006,154291,239.30500180000004,243.82499999999982,244.7575004500001,296624.2
712,2016-02-22,236.5,240.19999700000002,103479,237.76500090000005,243.3116663666665,244.50375022500006,269532.3
713,2016-02-29,244.0,234.44999700000002,288123,236.16000060000005,242.43666586666646,244.16250000000005,272167.4
714,2016-03-07,234.44999700000002,230.600006,161904,233.74500120000008,241.69333293333312,244.00750007500005,273293.3
715,2016-03-14,229.899994,241.899994,505318,232.03500060000005,241.4749994999998,244.46875000000006,284332.6
716,2016-03-21,249.44999700000002,258.850006,222118,234.60500180000008,242.0199996999998,245.17125015000005,273734.4
717,2016-03-28,258.850006,287.350006,1867820,240.97000270000007,243.80499979999976,246.18375015000007,390283.0
718,2016-04-04,287.350006,282.0,405334,245.96000210000005,245.3333333333331,246.73875045000005,413872.0
719,2016-04-11,282.0,282.649994,273767,251.61500090000004,246.97166646666645,247.47750015000003,426936.5
720,2016-04-18,282.649994,282.0,471399,257.73500060000003,248.64833323333312,247.99749985000003,445355.3
721,2016-04-25,282.0,286.549988,691570,262.65499880000004,250.34999949999977,248.53249970000007,499083.2
722,2016-05-02,288.0,275.549988,173432,266.18999790000004,251.6533325333331,249.03124925000006,506078.5
723,2016-05-09,271.549988,286.049988,447949,271.34999700000003,252.80166526666645,249.6649986500001,522061.1
724,2016-05-16,286.0,283.700012,139610,276.6599976,254.0749989999998,250.43499910000008,519831.7
725,2016-05-23,288.0,337.0,2097262,286.1699982,256.94999899999976,252.6487491750001,679026.1
726,2016-05-30,336.799988,347.850006,1569459,295.0699982,260.5816660666664,255.28249932500012,813760.2
727,2016-06-06,345.100006,358.149994,1021405,302.149997,264.06666566666644,258.3912491000001,729118.7
728,2016-06-13,351.950012,370.0,878844,310.949997,267.5566660666665,261.7374992500001,776469.7
729,2016-06-20,365.0,345.950012,401912,317.27999880000004,270.57499999999976,264.5487495500001,789284.2
730,2016-06-27,348.5,360.0,496906,325.0799988,274.39999999999975,267.7562496250001,791834.9
731,2016-07-04,359.950012,376.049988,482153,334.02999880000004,278.66333313333314,271.26999932500013,770893.2
732,2016-07-11,379.0,376.899994,221002,344.16499940000006,282.7066660666664,274.7812492500001,775650.2
733,2016-07-18,382.0,391.25,366405,354.6850006000001,287.3983327333331,278.2724991000001,767495.8
734,2016-07-25,392.600006,393.549988,245666,365.6699982,292.0249989999998,281.9737488000001,778101.4
735,2016-08-01,398.0,392.100006,538687,371.1799988,296.46166586666646,285.5074989500001,622243.9
736,2016-08-08,402.450012,414.299988,669714,377.82499700000005,302.49999899999983,289.89249880000017,532269.4
737,2016-08-15,414.299988,436.700012,771580,385.6799988,309.59999949999985,294.4699989500001,507286.9
738,2016-08-22,437.799988,429.200012,507846,391.6,316.1699996999998,298.5674995500001,470187.1
739,2016-08-29,431.0,425.700012,390312,399.575,322.8233332333331,302.8250000000001,469027.1
740,2016-09-05,425.700012,420.450012,202856,405.62000120000005,329.47833353333306,307.20500030000005,439622.1
741,2016-09-12,415.600006,443.299988,308813,412.3450012,336.34333293333304,312.0837501500001,422288.1
742,2016-09-19,445.0,442.25,147752,418.8800018,343.0783330333331,316.7500000000001,414963.1
743,2016-09-26,444.64999400000005,442.0,402517,423.9550018,349.9966664666664,321.5375000000001,418574.3
744,2016-10-03,447.799988,438.950012,208921,428.49500420000004,356.9416666666664,326.14250030000005,414899.8
745,2016-10-10,440.049988,438.39999400000005,81301,433.1250030000001,363.4916666666664,330.62750015000006,369161.2
746,2016-10-17,444.89999400000005,427.35000599999995,128091,434.4300048000001,369.108333333333,335.4825004500001,314998.9
747,2016-10-24,427.39999400000005,440.549988,108128,434.8150024,374.2149993999997,340.9037502250001,248653.7
748,2016-10-31,440.549988,434.5,82398,435.3450012,379.29833273333304,345.9637500750001,206108.9
749,2016-11-07,442.85000599999995,425.200012,241131,435.2950012,384.04999999999967,350.9412502250001,191190.8
750,2016-11-14,425.200012,389.399994,772743,432.18999940000003,387.62999979999967,355.15625000000006,248179.5
751,2016-11-21,389.0,402.25,887755,428.08500060000006,391.4866668666663,359.27874985000005,306073.7
752,2016-11-28,403.5,415.600006,170043,425.4200012,396.15500079999964,363.66375007500005,308302.8
753,2016-12-05,410.25,421.64999400000005,336174,423.38500060000007,400.6750009999996,368.34375000000006,301668.5
754,2016-12-12,421.64999400000005,411.149994,204790,420.6049988000001,404.9233337333329,372.8574997,301255.4
755,2016-12-19,411.149994,404.149994,85012,417.1799988000001,407.1616668666663,376.91374970000004,301626.5
756,2016-12-26,404.5,413.649994,134398,415.80999760000014,409.3549997999996,380.7837494,302257.2
757,2017-01-02,400.0,421.799988,304455,413.93499760000014,411.47666626666626,384.14499895,321889.9
758,2017-01-09,427.5,412.5,888523,411.73499760000016,412.89333293333294,387.40749895,402502.4
759,2017-01-16,409.0,410.450012,329110,410.25999760000013,415.0433329333329,390.6024994,411300.3
760,2017-01-23,405.149994,438.75,320522,415.1949982000001,417.6683329333329,394.5212494,366078.2
761,2017-01-30,434.700012,448.450012,347460,419.81499940000015,420.0816670666662,398.56874999999997,312048.7
762,2017-02-06,451.89999400000005,461.35000599999995,277799,424.38999940000014,422.89666746666626,403.2137504499999,322824.3
763,2017-02-13,461.75,443.25,494805,426.55000000000007,424.6300007999996,407.14375074999987,338687.4
764,2017-02-20,444.200012,443.75,137206,429.8100006000001,426.30333453333293,411.1450004499999,331929.0
765,2017-02-27,444.89999400000005,439.10000599999995,190052,433.3050018,427.8700011999996,413.6975005999999,342433.0
766,2017-03-06,440.0,449.14999400000005,166177,436.85500179999997,429.0316680666662,416.23000029999986,345610.9
767,2017-03-13,449.14999400000005,460.450012,360898,440.72000420000006,429.82333473333284,418.7875007499999,351255.2
768,2017-03-20,462.0,465.299988,346176,446.000003,431.02666726666627,421.17000044999986,297020.5
769,2017-03-27,467.10000599999995,516.549988,607058,456.6100006,434.0549997999996,425.4349998499998,324815.3
770,2017-04-03,516.950012,515.299988,327497,464.26499939999997,437.2166656666663,429.31749954999975,325512.8
771,2017-04-10,518.0,546.900024,385392,474.1100006,440.67000019999966,433.5887504499998,329306.0
772,2017-04-17,547.0,537.950012,213630,481.7700012,443.86000059999964,437.6150008999998,322889.1
773,2017-04-24,538.0,526.099976,222062,490.0549988000001,446.66333313333297,440.9862502999998,295614.8
774,2017-05-01,526.099976,524.200012,200809,498.1000000000001,449.5049997999996,444.2525008999999,301975.1
775,2017-05-08,528.650024,539.25,262504,508.1149994000001,452.8666666666663,447.9312507499999,309220.3
776,2017-05-15,540.0,538.099976,282673,517.0099976,456.55833233333294,451.02625044999996,320869.9
777,2017-05-22,535.049988,524.400024,306328,523.4049987999999,459.35333353333294,453.2187507499999,315412.9
778,2017-05-29,519.5,516.150024,383506,528.4900024,462.0750009999996,455.39250104999985,319145.9
779,2017-06-05,511.049988,506.60000599999995,237176,527.4950041999999,464.78833413333297,457.4150008999998,282157.7
780,2017-06-12,509.89999400000005,496.25,450476,525.5900054,468.3500009999997,459.3100005999998,294455.6
781,2017-06-19,493.25,482.200012,273579,519.1200042,471.0150013999997,460.28250119999984,283274.3
782,2017-06-26,482.200012,456.299988,347106,510.9550018,472.37166746666634,460.6337508999998,296621.9
783,2017-07-03,463.700012,489.14999400000005,344240,507.2600036,474.62166746666634,461.8125007499998,308839.7
784,2017-07-10,490.0,501.85000599999995,277240,505.0250029999999,477.6450011999997,463.3850005999998,316482.8
785,2017-07-17,500.049988,494.049988,276487,500.5050017999999,480.6416676666664,464.7762504499998,317881.1
786,2017-07-24,494.049988,476.39999400000005,1218844,494.3350036,482.73333433333306,466.0025001499997,411498.2
787,2017-07-31,478.0,482.89999400000005,229579,490.1850006000001,484.7700011999997,467.06125029999976,403823.3
788,2017-08-07,482.5,495.049988,586172,488.07499700000005,487.5216674666664,468.5749999999997,424089.9
789,2017-08-14,506.0,524.900024,442348,489.90499880000016,491.3366678666664,471.06750029999967,444607.1
790,2017-08-21,517.0,530.150024,211930,493.2950012000001,494.3833353333331,474.58625104999965,420752.5
791,2017-08-28,530.099976,543.650024,307078,499.44000240000014,497.5566690666665,478.12125164999964,424102.4
792,2017-09-04,546.0,561.349976,426280,509.9450012000002,500.8900013999998,481.7650008999996,432019.8
793,2017-09-11,565.0,539.950012,562679,515.0250030000002,504.11333513333307,484.7225013499997,453863.7
794,2017-09-18,546.900024,533.049988,299935,518.1450012000003,507.0900013999998,487.7700011999997,456133.2
795,2017-09-25,533.049988,541.950012,197673,522.9350036000003,510.51833493333305,491.2150016499997,448251.8
796,2017-10-02,541.950012,534.650024,170075,528.7600066000002,513.3683359333331,494.2400023999997,343374.9
797,2017-10-09,539.900024,585.950012,1393554,539.0650084000001,517.5516692666664,498.34375299999977,459772.4
798,2017-10-16,590.799988,598.75,161073,549.4350096000002,522.0000029999998,503.00000299999977,417262.5
799,2017-10-23,591.0,598.650024,276736,556.8100096000002,524.7366708666664,507.7050032999997,400701.3
800,2017-10-30,602.0,631.299988,415915,566.9250060000002,528.603337533333,512.5187529999996,421099.8
801,2017-11-06,629.849976,635.650024,360074,576.1250060000002,531.5616708666664,517.1987532999996,426399.4
802,2017-11-13,635.650024,614.099976,179357,581.4000060000002,534.1000029999998,521.0175025499996,401707.1
803,2017-11-20,609.0,628.400024,717631,590.2450072000003,537.5100045999998,525.6462531499996,417202.3
804,2017-11-27,629.799988,668.75,362645,603.8150084000002,542.3283375333331,531.2712531499996,423473.3
805,2017-12-04,667.049988,684.0,162442,618.0200072000002,547.153337533333,537.3937529999996,419950.2
806,2017-12-11,677.099976,688.400024,850744,633.3950072000001,552.1633391333329,543.3750037499996,488017.1
807,2017-12-18,691.25,710.400024,1091865,645.8400084000002,558.3633391333329,549.6237540499994,457848.2
808,2017-12-25,710.400024,707.5,448224,656.7150084000002,564.7416716666663,555.6787543499995,486563.3
809,2018-01-01,703.099976,713.599976,159845,668.2100036000002,571.6416706666663,560.6050040499996,474874.2
810,2018-01-08,729.0,722.950012,238908,677.3750060000002,579.198337733333,565.7962546499996,457173.5
811,2018-01-15,722.950012,741.75,231966,687.9850036000001,587.8500039999997,570.6675040499997,444362.7
812,2018-01-22,747.0,726.700012,118263,699.2450072000001,596.8633381333331,575.3862540499997,438253.3
813,2018-01-29,726.700012,700.849976,332340,706.4900024000001,603.9200041999998,579.7550040499997,399724.2
814,2018-02-05,695.0,669.950012,230130,706.6100036,609.5233377333332,583.3987540499996,386472.7
815,2018-02-12,685.0,707.0,520228,708.9100036000001,616.6216714666665,587.5925040499997,422251.3
816,2018-02-19,710.0,704.349976,261816,710.5049988000001,624.2200042,591.7487540499997,363358.5
817,2018-02-26,704.5,706.349976,414759,710.0999939999999,631.6683369333333,596.2975028499998,295647.9
818,2018-03-05,701.049988,699.950012,515263,709.3449952,638.4983377333334,600.8925025499998,302351.8
819,2018-03-12,698.049988,677.099976,1441489,705.6949952000001,643.5716694666668,605.1550017999998,430516.2
820,2018-03-19,680.0,632.049988,321034,696.6049928,646.9683349333335,608.5500014999998,438728.8
821,2018-03-26,625.0,674.849976,147881,689.9149904,651.3416666666669,613.3662505999998,430320.3
822,2018-04-02,674.799988,699.099976,270645,687.1549868,655.9333333333336,619.4362502999999,445558.5
823,2018-04-09,700.049988,697.900024,428330,686.8599916,661.1983337333335,624.6550010499998,455157.5
824,2018-04-16,695.0,691.700012,158017,689.0349915999999,666.486667866667,629.4012511999998,447946.2
825,2018-04-23,691.150024,704.950012,116430,688.8299927999999,671.9200012000002,634.6737517999999,407566.4
826,2018-04-30,705.700012,682.200012,72782,686.6149964,676.8383341333337,639.81875225,388663.0
827,2018-05-07,683.049988,683.900024,842364,684.3700012000002,680.1033345333336,644.8437529999999,431423.5
828,2018-05-14,687.950012,682.5,64904,682.6250000000001,682.8950012000003,649.5300033,386387.6
829,2018-05-21,680.0,684.950012,96890,683.4100036000002,685.7716674666669,653.531253,251927.7
830,2018-05-28,674.0,680.099976,281871,688.2150024000001,687.3983337333337,657.2800018,248011.4
831,2018-06-04,687.900024,675.549988,112692,688.2850036000002,688.7283325333337,660.5775009000001,244492.5
832,2018-06-11,678.0,669.799988,867387,685.3550048000001,690.5849996000003,663.2887512,304166.7
833,2018-06-18,669.799988,602.549988,771527,675.8200012000001,689.7233317333337,664.8537506,338486.4
834,2018-06-25,599.700012,581.450012,393125,664.7950012000001,686.8133321333337,666.0637512000001,361997.2
835,2018-07-02,590.150024,581.75,323315,652.4750000000001,683.4049988000004,667.0587509,382685.7
836,2018-07-09,581.75,599.700012,354413,644.2250000000001,680.4483317333338,668.6850006000001,410848.8
837,2018-07-16,599.700012,587.099976,573762,634.5449952000001,676.3383301333339,668.7137497000001,383988.6
838,2018-07-23,588.0,623.150024,479031,628.6099976000002,673.5266642666671,669.3237503,425401.3
839,2018-07-30,621.099976,618.849976,615027,621.999994,670.3683309333338,669.8287491000001,477215.0
840,2018-08-06,624.900024,593.150024,582633,613.3049988,666.0416646666671,668.8750000000001,507291.2
841,2018-08-13,593.150024,597.0,135279,605.45,661.216664666667,667.9087494000001,509549.9
842,2018-08-20,601.0,559.099976,355470,594.3799988000002,655.6299968000004,666.5337494000001,458358.2
843,2018-08-27,564.700012,547.5,117354,588.8750000000002,650.5183309333337,664.5112488000002,392940.9
844,2018-09-03,553.75,558.650024,192109,586.5950012000002,646.8083313333336,661.7587494000002,372839.3
845,2018-09-10,559.900024,557.650024,322867,584.1850036000002,641.8299988000002,658.6000000000001,372794.5
846,2018-09-17,550.5,548.650024,149081,579.0800048000002,636.6400004000002,655.10625,352261.3
847,2018-09-24,555.200012,530.25,163581,573.3950072000001,630.7700012000001,650.6024994000002,311243.2
848,2018-10-01,534.5,495.049988,92276,560.5850036000002,623.9400004,645.2912491000001,272567.7
849,2018-10-08,490.200012,465.10000599999995,169858,545.2100066,616.8733347333333,639.0787498500001,228050.8
850,2018-10-15,468.700012,510.0,275080,536.8950042,612.8050018,633.7549995500001,197295.5
851,2018-10-22,511.0,483.950012,90185,525.5900054000001,606.4416696666667,627.30999985,192786.1
852,2018-10-29,482.0,505.14999400000005,99201,520.1950072000002,599.9766702666667,621.7712494,167159.2
853,2018-11-05,507.0,526.900024,73599,518.1350096000002,594.2766702666667,617.4225005999999,162783.7
854,2018-11-12,531.950012,488.200012,155312,511.0900084000003,587.4933369333334,612.8787506,159104.0
855,2018-11-19,495.0,462.35000599999995,110099,501.5600066000003,579.4066700666666,606.76250075,137827.2
856,2018-11-26,462.700012,458.35000599999995,327154,492.53000480000026,571.9450032,600.6125015,155634.5
857,2018-12-03,459.799988,460.60000599999995,153981,485.56500540000025,564.5016692666667,594.46875225,154674.5
858,2018-12-10,456.89999400000005,451.89999400000005,129553,481.2500060000003,556.8150024,588.2675017999999,158402.2
859,2018-12-17,458.950012,454.14999400000005,331152,480.15500480000037,549.1216684666666,582.6937522499999,174531.6
860,2018-12-24,453.10000599999995,458.549988,125424,475.01000360000035,541.7366688666666,578.3562522499999,159566.0
861,2018-12-31,466.0,451.85000599999995,122310,471.8000030000003,534.2800027999998,572.7812529999999,162778.5
862,2019-01-07,451.64999400000005,449.549988,99350,466.2400024000002,526.9383361333332,566.5425032999998,162793.4
863,2019-01-14,451.0,446.450012,148047,458.1950012000003,521.7350035999998,560.2562529999998,170238.2
864,2019-01-21,442.799988,424.450012,298715,451.8200012000003,516.5016702666665,553.5750029999998,184578.5
865,2019-01-28,424.450012,415.649994,172037,447.1500000000004,510.9650033999998,546.3425025499998,190772.3
866,2019-02-04,411.200012,393.0,282367,440.6149994000004,504.0750029999998,539.1125022499998,186293.6
867,2019-02-11,393.0,379.549988,1022894,432.5099976000004,497.1566700666665,531.5037513499998,273184.9
868,2019-02-18,375.100006,378.0,1509668,425.1199982000004,488.9850025999998,523.8912513499997,411196.4
869,2019-02-25,383.950012,416.649994,531255,421.3699982000004,482.2450031999998,517.1837508999997,431206.7
870,2019-03-04,416.649994,441.450012,779672,419.66000060000044,477.1883361333331,511.2175017999997,496631.5
871,2019-03-11,443.89999400000005,487.60000599999995,553657,423.23500060000043,473.54166966666645,506.51875224999975,539766.2
872,2019-03-18,487.60000599999995,489.049988,289771,427.1850006000004,471.2066700666665,502.00000224999974,558808.3
873,2019-03-25,482.5,475.450012,463446,430.0850006000004,468.80500379999984,498.8225028499998,590348.2
874,2019-04-01,478.0,473.799988,464088,435.0199982000004,465.9766692666665,496.13125224999976,606885.5
875,2019-04-08,478.799988,476.75,357770,441.12999880000035,463.2800017999998,493.50625224999976,625458.8
876,2019-04-15,480.0,477.10000599999995,197247,449.5399994000003,460.8950011999998,490.44125209999976,616946.8
877,2019-04-22,476.0,451.89999400000005,1172312,456.7750000000004,458.28333433333313,487.0612525499997,631888.6
878,2019-04-29,451.89999400000005,420.35000599999995,269956,461.01000060000035,455.79333493333314,481.99125209999977,507917.4
879,2019-05-06,416.700012,427.14999400000005,819399,462.0600006000003,454.52833453333307,477.1987525499997,536731.8
880,2019-05-13,428.89999400000005,426.60000599999995,258104,460.5750000000003,451.7483347333331,473.03500209999976,484575.0
881,2019-05-20,434.799988,446.85000599999995,181997,456.5000000000003,450.51166786666647,469.28125224999974,447409.0
882,2019-05-27,450.0,455.60000599999995,343917,453.15500180000026,448.86000159999986,466.69375299999973,452823.6
883,2019-06-03,458.700012,450.549988,100729,450.6649994000002,446.31500039999986,464.27000269999974,416551.9
884,2019-06-10,448.299988,445.049988,308374,447.7899994000002,444.8766662666666,461.43000179999973,400980.5
885,2019-06-17,446.0,444.5,331088,444.5649994000002,444.28166606666656,458.60125119999975,398312.3
886,2019-06-24,444.39999400000005,440.35000599999995,210646,440.8899994000002,443.68166606666654,455.8937507499998,399652.2
887,2019-07-01,440.0,408.850006,264669,436.58500060000017,441.95666606666657,452.8587508999998,308887.9
888,2019-07-08,408.850006,384.950012,723751,433.04500120000023,439.72499999999985,450.10625149999987,354267.4
889,2019-07-15,387.899994,385.299988,239573,428.86000060000015,437.4299997999999,448.11125104999985,296284.8
890,2019-07-22,384.899994,378.75,172241,424.07500000000016,434.7700001999999,444.83000104999985,287698.5
891,2019-07-29,383.0,374.399994,362769,416.8299988000002,432.1883331333332,442.0912505999998,305775.7
892,2019-08-05,373.0,373.700012,291964,408.63999940000025,429.6600005999998,438.8050010499998,300580.4
893,2019-08-12,373.700012,360.600006,189804,399.6450012000003,426.7983337333332,434.6475005999999,309487.9
894,2019-08-19,358.0,365.350006,121222,391.6750030000003,424.82833353333325,431.57625044999986,290772.7
895,2019-08-26,370.5,367.200012,384684,383.9450042000003,423.2133341333332,429.1975005999999,296132.3
896,2019-09-02,367.200012,369.5,216978,376.8600036000003,422.4300007999999,426.97625044999984,296765.5
897,2019-09-09,367.149994,372.100006,105626,373.1850036000003,422.18166806666653,424.76375044999986,280861.2
898,2019-09-16,370.049988,394.149994,336354,374.10500180000025,422.7200011999999,423.32000044999984,242121.5
899,2019-09-23,397.0,389.850006,417906,374.56000360000024,421.82666826666656,421.7125007499999,259954.8
900,2019-09-30,397.799988,365.100006,180207,373.1950042000002,419.2816680666666,419.37625119999996,260751.4
901,2019-10-07,366.0,353.450012,399078,371.10000600000023,414.8100015999999,416.9162513499999,264382.3
902,2019-10-14,358.0,365.450012,461475,370.2750060000002,410.69000239999986,414.81375195,281333.4
903,2019-10-21,365.450012,379.799988,136658,372.1950042000002,407.50166826666657,413.14750134999997,276018.8
904,2019-10-28,376.0,379.700012,141716,373.63000480000017,404.36500239999987,412.02875134999994,278068.2
905,2019-11-04,379.700012,371.049988,162485,374.0150024000001,400.8416686666666,410.9137511999999,255848.3
906,2019-11-11,372.700012,355.299988,261489,372.5950012000001,396.78166806666655,409.9712508999999,260299.4
907,2019-11-18,356.450012,366.149994,313886,372.0000000000001,393.9233347333332,409.63625104999994,281125.4
908,2019-11-25,364.899994,367.649994,564121,369.3500000000001,392.1666676666665,409.3775008999999,303902.1
909,2019-12-02,367.0,353.649994,983893,365.7299988000001,389.7166676666665,407.8025008999999,360500.8
910,2019-12-09,355.899994,356.950012,647442,364.91499940000006,387.3950011999998,405.6900009,407224.3
911,2019-12-16,357.0,363.950012,289998,365.9649994,384.63166806666646,402.5987510499999,396316.3
912,2019-12-23,363.100006,359.549988,171946,365.374997,381.4300007999998,399.36125104999985,367363.4
913,2019-12-30,361.399994,402.75,580446,367.6699982,379.8366678666664,397.5437507499999,411742.2
914,2020-01-06,400.899994,406.700012,368384,370.3699982,378.55833533333305,395.86625134999986,434409.0
915,2020-01-13,409.399994,420.60000599999995,334011,375.325,377.7616688666664,394.46250149999986,451561.6
916,2020-01-20,420.60000599999995,414.600006,131071,381.2550018,376.90333553333306,392.90000149999986,438519.8
917,2020-01-27,414.549988,385.200012,136957,383.16000360000004,376.1150023999997,391.23250194999986,420826.9
918,2020-02-03,385.0,391.899994,141779,385.58500360000005,376.34666846666636,390.52125164999984,378592.7
919,2020-02-10,391.5,380.5,195808,388.2700042,376.1866688666663,389.35500179999985,299784.2
920,2020-02-17,376.5,361.149994,952502,388.69000239999997,375.6000019999996,387.7187514999998,330290.2
921,2020-02-24,361.0,324.799988,1213847,384.7749999999999,373.9466684666664,384.6675010499998,422675.1
922,2020-03-02,325.100006,316.100006,480989,380.4300017999999,372.0266682666664,381.1800010499998,453579.4
923,2020-03-09,316.0,268.700012,479915,367.0250029999999,368.96333513333303,376.6337516499998,443526.3
924,2020-03-16,264.799988,201.25,1121018,346.4800017999999,363.493334933333,370.5387519499998,518789.7
925,2020-03-23,180.0,188.5,754666,323.2700011999999,357.53666786666633,364.1387519499998,560855.2
926,2020-03-30,190.0,216.30000299999998,263115,303.44000089999986,352.4300012999997,358.53750187499975,574059.6
927,2020-04-06,216.30000299999998,227.25,113766,287.64499969999986,347.60166776666637,353.9975017249998,571740.5
928,2020-04-13,235.0,245.350006,296485,272.9900008999999,342.64166816666636,350.50750157499976,587211.1
929,2020-04-20,252.399994,229.350006,319229,257.87500149999994,337.2916681666664,346.6087520249998,599553.2
930,2020-04-27,233.0,255.100006,262732,247.27000269999994,333.6250014999997,343.5175021749998,530576.2
931,2020-05-04,242.350006,228.0,212423,237.5900038999999,329.44333443333306,339.8575023249998,430433.8
932,2020-05-11,228.5,209.94999700000002,343520,226.97500299999993,324.2600005999997,335.7637519499998,416686.9
933,2020-05-18,203.100006,195.149994,321246,219.62000119999993,318.1050007999997,331.6275016499998,400820.0
934,2020-05-25,195.149994,212.600006,1372035,220.75500179999995,312.53500059999976,327.8087516499998,425921.7
935,2020-06-01,221.94999700000002,264.649994,797390,228.37000119999993,308.98833413333307,325.2450011999998,430194.1
936,2020-06-08,271.0,256.5,724817,232.39000089999996,305.6950011999997,322.4200011999998,476364.3
937,2020-06-15,264.950012,269.950012,417407,236.66000209999993,302.488335133333,319.86625134999974,506728.4
938,2020-06-22,275.0,298.350006,1140719,241.96000209999994,300.17833553333304,317.4712516499998,591151.8
939,2020-06-29,303.399994,292.399994,598201,248.2650008999999,298.1366688666664,315.0350013499998,619049.0
940,2020-07-06,292.399994,294.0,1064602,252.1550002999999,296.0383351333331,313.25750119999975,699236.0
941,2020-07-13,296.899994,278.350006,370045,257.1900008999999,293.1850015999998,311.3800010499998,714998.2
942,2020-07-20,280.5,272.450012,234633,263.4400023999999,290.28166906666644,309.05500104999976,704109.5
943,2020-07-27,273.0,269.75,297071,270.9000029999999,285.8483357333331,306.30375134999974,701692.0
944,2020-08-03,269.75,269.75,593922,276.6150023999999,281.2833353333331,303.55500104999976,623880.7
945,2020-08-10,271.75,279.799988,1587061,278.13000179999995,276.5900013999998,301.27375104999976,702847.8
946,2020-08-17,289.5,301.25,2160086,282.60500179999997,272.8116678666664,299.9225013499998,846374.7
947,2020-08-24,303.0,301.799988,1501212,285.78999939999994,270.03166706666644,298.3137511999998,954755.2
948,2020-08-31,303.899994,287.399994,1230163,284.69499819999993,266.5483337333331,296.3075011999998,963699.6
949,2020-09-07,285.0,280.0,391547,283.45499879999994,263.19833373333313,294.4662513499998,943034.2
950,2020-09-14,288.0,294.450012,1338582,283.4999999999999,260.9750009999998,292.9037513499998,970432.2
951,2020-09-21,298.0,277.350006,561792,283.3999999999999,259.3933349333331,290.73875119999985,989606.9
952,2020-09-28,284.0,280.0,331397,284.1549987999999,258.1900013999998,288.7500014999998,999283.3
953,2020-10-05,280.0,282.600006,738886,285.4399993999999,258.6533345333331,285.74625164999986,1043464.8
954,2020-10-12,285.5,273.450012,321721,285.81000059999985,261.0600015999998,282.41500164999985,1016244.7
955,2020-10-19,279.0,278.25,415250,285.6550017999999,264.05166826666647,278.8562514999998,899063.6
956,2020-10-26,277.0,276.950012,714141,283.2250029999999,266.07333523333307,275.4150016499998,754469.1
957,2020-11-02,277.5,279.100006,241942,280.9550047999999,267.80166876666647,272.7625014999998,628542.1
958,2020-11-09,284.950012,272.899994,487095,279.50500479999994,268.7200016999998,269.78750149999985,554235.3
959,2020-11-16,278.0,283.649994,945144,279.8700041999999,270.5300012999998,267.3662513499998,609595.0
960,2020-11-23,289.700012,308.799988,3017789,281.3050017999999,272.3200006999998,266.0575011999998,777515.7
961,2020-11-30,308.799988,341.600006,3513494,287.7300017999999,276.10666756666643,266.47750164999985,1072685.9
962,2020-12-04,329.600006,341.600006,1146531,293.8900023999999,280.4950011999998,267.11500164999984,1154199.3
