,Date,Open,Close,Volume,ema10,ema30,ema40,sma10volume
0,2002-07-01,31.98,32.470001,796080,,,,
1,2002-07-08,32.799999,32.299999,246655,,,,
2,2002-07-15,32.669998,29.190001000000002,145660,,,,
3,2002-07-22,28.0,25.17,894740,,,,
4,2002-07-29,25.59,25.48,282030,,,,
5,2002-08-05,25.799999,24.559998999999998,220445,,,,
6,2002-08-12,24.24,24.92,45775,,,,
7,2002-08-19,25.0,24.700001,83755,,,,
8,2002-08-26,24.98,24.26,78445,,,,
9,2002-09-02,24.75,23.809998999999998,114760,26.686,,,290834.5
10,2002-09-09,23.700001,22.969998999999998,146125,26.010363454545455,,,225839.0
11,2002-09-16,22.799999,21.700001,263240,25.226661190082645,,,227497.5
12,2002-09-23,22.0,22.15,107025,24.667268246431256,,,223634.0
13,2002-09-30,22.0,21.57,58335,24.104128565261938,,,139993.5
14,2002-10-07,21.6,21.65,40375,23.657923371577947,,,115828.0
15,2002-10-14,21.9,21.16,50965,23.203755485836503,,,98880.0
16,2002-10-21,21.24,20.959999,52100,22.795799761138955,,,99512.5
17,2002-10-28,20.799999,20.18,174405,22.320199804568237,,,108577.5
18,2002-11-04,20.809998999999998,20.15,57400,21.925618021919465,,,106473.0
19,2002-11-11,20.200001,20.1,58290,21.593687472479562,,,100826.0
20,2002-11-18,20.23,20.040001,82970,21.311199022937824,,,94510.5
21,2002-11-25,20.120001000000002,20.02,201995,21.076435564221857,,,88386.0
22,2002-12-02,20.200001,20.120001000000002,269605,20.902538370726973,,,104644.0
23,2002-12-09,20.25,20.07,107165,20.751167757867524,,,109527.0
24,2002-12-16,19.92,19.370001000000002,274290,20.500046529164337,,,132918.5
25,2002-12-23,19.200001,19.299999,94715,20.281856069316277,,,137293.5
26,2002-12-30,19.4,19.02,236885,20.052427693076954,,,155772.0
27,2003-01-06,19.1,19.52,184490,19.955622657972054,,,156780.5
28,2003-01-13,19.6,19.02,158230,19.78550944743168,,,166863.5
29,2003-01-20,19.02,18.6,137020,19.569962275171374,22.484333366666664,,174736.5
30,2003-01-27,19.0,17.690001000000002,271395,19.228151134231126,22.175021601075265,,193579.0
31,2003-02-03,18.0,17.049999,215775,18.83212347346183,21.844374981651054,,194957.0
32,2003-02-10,17.0,16.139999,120175,18.34264629646877,21.47635072477034,,180014.0
33,2003-02-17,16.469998999999998,17.08,93940,18.113074242565357,21.192715194139996,,178691.5
34,2003-02-24,17.200001,17.639999,115600,18.027060562098928,20.963507697743868,,162822.5
35,2003-03-03,17.82,16.83,65675,17.80941318717185,20.696829781760393,,159918.5
36,2003-03-10,16.9,16.299999,53420,17.534974244049696,20.413163279711334,,141572.0
37,2003-03-17,16.030001000000002,16.82,92055,17.404978926949752,20.181346293923507,,132328.5
38,2003-03-24,16.41,15.99,180175,17.147710031140708,19.91093685560586,,134523.0
39,2003-03-31,16.0,16.459999,138935,17.0226716618424,19.68829570363129,21.063249925,134714.5
40,2003-04-07,16.6,17.280001000000002,143835,17.06945881423469,19.53292185178411,20.87870119695122,121958.5
41,2003-04-14,17.379998999999998,16.77,36000,17.01501175710111,19.35466882908836,20.67827674831945,103981.0
42,2003-04-21,16.959999,17.16,73620,17.04137325581,19.21307729172782,20.50665349230387,99325.5
43,2003-04-28,17.02,15.45,240540,16.752032663844545,18.970298111616348,20.259987468289047,113985.5
44,2003-05-05,16.0,16.0,149960,16.615299452236446,18.778665975383035,20.05218320154324,117421.5
45,2003-05-12,16.0,16.15,365935,16.53069955182982,18.609074622132518,19.86183280146796,147447.5
46,2003-05-19,16.200001,15.76,226745,16.390572360588035,18.425263356188484,19.6617433965183,164780.0
47,2003-05-26,16.139999,16.540001,1344440,16.417741204117483,18.30363352675697,19.50946327961497,290018.5
48,2003-06-02,16.6,19.040001,3485535,16.89451571245976,18.351141105675875,19.48656268060936,620554.5
49,2003-06-09,19.6,18.73,1199790,17.228240128376168,18.37558361498711,19.44965718399427,726640.0
50,2003-06-16,18.52,20.01,3521970,17.73401465048959,18.48102983337504,19.47699097989699,1064453.5
51,2003-06-23,20.18,20.209999,1200165,18.184193623127847,18.592576231221813,19.5127474686825,1180870.0
52,2003-06-30,20.4,22.809998999999998,5887245,19.02524914619551,18.86466802275589,19.67358900679555,1762232.5
53,2003-07-07,22.9,21.48,1025705,19.471567483250872,19.03339911806196,19.761706616220156,1840749.0
54,2003-07-14,21.950001,21.469998999999998,899660,19.83491866811435,19.19059911044506,19.845037952014295,1915719.0
55,2003-07-21,21.6,21.32,520235,20.104933455729924,19.327979812996993,19.91698732020872,1931149.0
56,2003-07-28,21.549999,21.120001000000002,675945,20.289491191051756,19.443594083126218,19.975670914344878,1976069.0
57,2003-08-04,21.299999,21.469998999999998,1253225,20.50412897449689,19.574329884214848,20.048564967303665,1966947.5
58,2003-08-11,21.959999,22.4,1322340,20.848832797315637,19.75663118200744,20.163269115240073,1750628.0
59,2003-08-18,22.700001,22.780001000000002,1170260,21.199954288712796,19.95168729929728,20.29091457303324,1747675.0
60,2003-08-25,22.809998999999998,22.18,1336355,21.378144418037742,20.095449409020038,20.383065081665766,1529113.5
61,2003-09-01,23.4,23.99,2602220,21.853027251121787,20.346710737470357,20.559013126462556,1669319.0
62,2003-09-08,25.0,27.379998999999998,5906320,22.85793120546328,20.800471270536786,20.891744144683894,1671226.5
63,2003-09-15,27.0,24.620001000000002,1699885,23.178307531742686,21.04689254340538,21.073610332748096,1738644.5
64,2003-09-22,24.940001000000002,25.17,696040,23.540433435062198,21.312899476088905,21.273434218955508,1718282.5
65,2003-09-29,25.200001,24.43,831735,23.702172810505434,21.51400273569607,21.427413037543044,1749432.5
66,2003-10-06,25.18,26.32,983630,24.178141390413536,21.824067075328582,21.66607581619948,1780201.0
67,2003-10-13,26.940001000000002,26.959999,2201560,24.68393368306562,22.155417522081578,21.92431597150682,1875034.5
68,2003-10-20,27.0,24.84,875780,24.71230937705369,22.328616391624703,22.06654446070161,1830378.5
69,2003-10-27,25.190001000000002,25.540001,311615,24.862798763043926,22.53580249539085,22.23598136505763,1744514.0
70,2003-11-03,25.799999,27.17,1063385,25.28228989703594,22.834782979559183,22.476665200908478,1717217.0
71,2003-11-10,27.52,27.620001000000002,1593475,25.707328279393042,23.14350672281343,22.727559630132454,1616342.5
72,2003-11-17,28.299999,27.17,853910,25.97326859223067,23.40328048263192,22.944264038418677,1111101.5
73,2003-11-24,27.4,30.6,1471665,26.814492484552368,23.86758496762341,23.31771457312996,1088279.5
74,2003-12-01,31.0,32.610001000000004,2859690,27.868221305542846,24.431611808421902,23.77099683785533,1304644.5
75,2003-12-08,32.099998,32.189999,1466110,28.65399906817142,24.932152917555975,24.18167987015507,1368082.0
76,2003-12-15,32.599998,35.07,2181965,29.820544692140253,25.586207568036233,24.71281743746458,1487915.5
77,2003-12-22,35.169998,34.560001,942835,30.682264020842023,26.16516198300164,25.193167855149234,1362043.0
78,2003-12-29,34.799999,34.169998,1139615,31.31639747159802,26.681603016356373,25.63106200855659,1388426.5
79,2004-01-05,35.720001,34.32,1000550,31.862507022216562,27.174402821752736,26.054912642285537,1457320.0
80,2004-01-12,34.509997999999996,33.779999,809510,32.211141927268095,27.600570317123527,26.431746123149658,1431932.5
81,2004-01-19,33.619999,29.18,1359645,31.66002521321935,27.702469006341364,26.565807287874065,1408549.5
82,2004-01-26,29.700001,27.950001,277045,30.985475356270378,27.718438812383855,26.633328932368013,1350863.0
83,2004-02-02,28.0,27.09,280560,30.277207109675764,27.67789437287522,26.655605569813474,1231752.5
84,2004-02-09,27.299999,28.01,376110,29.864987635189262,27.69932054236714,26.721673590798183,983394.5
85,2004-02-16,28.120001000000002,26.120001000000002,373470,29.18408097424576,27.597428958988615,26.692323708320224,874130.5
86,2004-02-23,26.27,25.08,271380,28.4378844334738,27.435014187440963,26.613673771328994,683072.0
87,2004-03-01,25.200001,25.27,125950,27.861905445569473,27.29533585276735,26.548128709312945,601383.5
88,2004-03-08,25.5,25.15,489160,27.368831728193204,27.156927088072685,26.479927308858656,536338.0
89,2004-03-15,26.4,24.280001000000002,203485,26.807226141248986,26.971318953358317,26.372613830377745,456631.5
90,2004-03-22,24.299999,23.35,344255,26.178639570112807,26.73768547249649,26.225169253286147,410106.0
91,2004-03-29,24.0,24.92,376705,25.94979601191048,26.620415442012845,26.16150246044292,311812.0
92,2004-04-05,25.360001,24.559998999999998,214150,25.69710564610857,26.48748534897976,26.083380340421314,305522.5
93,2004-04-12,24.780001000000002,26.190001000000002,266055,25.78672298317974,26.468292810335903,26.08858134820564,304072.0
94,2004-04-19,26.6,27.120001000000002,508185,26.029137168056153,26.51033849999165,26.138894501951707,317279.5
95,2004-04-26,26.5,25.610001,242365,25.95293059204594,26.45225220966961,26.113094818929675,304169.0
96,2004-05-03,25.02,27.040001,525975,26.150579757128497,26.49017148646512,26.15830975459164,329628.5
97,2004-05-10,25.450001,23.75,330495,25.714110710377863,26.31338622927382,26.040831229977414,350083.0
98,2004-05-17,22.65,24.0,513130,25.402454217581887,26.16413550480454,25.941278487051687,352480.0
99,2004-05-24,24.0,22.959999,303530,24.958371450748817,25.957417020623602,25.79585021939063,362484.5
100,2004-05-31,22.4,21.92,388935,24.405940277885396,25.696938503164017,25.60678435503011,366952.5
101,2004-06-07,21.799999,21.530001000000002,252915,23.88304222736078,25.428103825540532,25.407916874296934,354573.5
102,2004-06-14,21.219998999999998,22.01,221390,23.542489095113364,25.207580998086303,25.242164831648303,355297.5
103,2004-06-21,22.48,21.959999,165620,23.25476362327457,24.998059578854928,25.082059181323995,345254.0
104,2004-06-28,22.15,22.610001,341650,23.137534055406466,24.843991283444932,24.96147097735697,328600.5
105,2004-07-05,22.4,23.0,737400,23.11252786351438,24.725024103867838,24.86578946626639,378104.0
106,2004-07-12,23.68,23.809998999999998,383025,23.239340797420855,24.665990226198947,24.814287492302174,363809.0
107,2004-07-19,23.66,26.49,877030,23.830369743344335,24.783668276121595,24.89602956584841,418462.5
108,2004-07-26,25.200001,24.879998999999998,661795,24.021211426372638,24.789883161533105,24.895247587026535,433329.0
109,2004-08-02,24.799999,24.17,312040,24.048263894304885,24.74989069949871,24.85986965595207,434180.0
110,2004-08-09,23.9,23.940001000000002,214420,24.028579731703996,24.697639751143956,24.814998014198313,416728.5
111,2004-08-16,24.0,23.74,183115,23.976110689575997,24.635856541392734,24.762559086676443,409748.5
112,2004-08-23,24.360001,25.629998999999998,554650,24.27681765510763,24.699994764528686,24.804873228789788,443074.5
113,2004-08-30,26.0,26.799999,1246995,24.735577899633515,24.83547890875264,24.902196437141505,551212.0
114,2004-09-06,27.41,26.969998999999998,1159445,25.14183628151833,24.973189882381504,25.00306485484192,632991.5
115,2004-09-13,27.200001,26.469998999999998,661525,25.38332041215136,25.06975821255044,25.074622618020364,625404.0
116,2004-09-20,26.6,28.57,2023815,25.96271670085111,25.29558026335364,25.245128831775467,789483.0
117,2004-09-27,28.41,27.610001,562110,26.26222293706,25.44489773023405,25.36048844973764,757991.0
118,2004-10-04,28.559998999999998,27.99,912155,26.576364221230907,25.609097876670564,25.488757305848,783027.0
119,2004-10-11,28.059998999999998,27.299999,422845,26.707934181007104,25.718188271724078,25.577110559221268,794107.5
120,2004-10-18,27.959999,26.860001,286115,26.73558269355127,25.791853609032202,25.639690580722668,801277.0
121,2004-10-25,26.6,24.33,826080,26.298204021996494,25.69754047296561,25.575803235321562,865573.5
122,2004-11-01,24.4,25.790001,685045,26.205803472542584,25.703505668258153,25.58625190676929,878613.0
123,2004-11-08,25.51,26.790001,742770,26.312021204807568,25.773602141273756,25.644971374731764,828190.5
124,2004-11-15,26.639999,26.629998999999998,447775,26.36983534938801,25.828853551514158,25.69302150279363,757023.5
125,2004-11-22,26.4,27.6,667955,26.59350164949928,25.943121064319694,25.78604484412077,757666.5
126,2004-11-29,27.719998999999998,29.309998999999998,2593265,27.087410258681228,26.16033899565391,25.957945046846586,814611.5
127,2004-12-06,29.790001,31.370001000000002,1775710,27.866063120739188,26.496446221740754,26.221947776268703,935971.5
128,2004-12-13,31.200001,32.189999,959355,28.65223328060479,26.8637722074349,26.513072226206816,940691.5
129,2004-12-20,32.360001000000004,31.76,1058855,29.217281775040284,27.179657871471356,26.76901992248941,1004292.5
130,2004-12-27,31.65,32.139998999999996,798250,29.748684906851143,27.499679879763526,27.03101890188017,1055506.0
131,2005-01-03,32.939999,31.99,1602700,30.156196741969115,27.789377952036848,27.272920418861624,1133168.0
132,2005-01-10,32.200001,30.790001,528620,30.271433879792912,27.982966535776406,27.44448532525862,1117525.5
133,2005-01-17,30.799999,31.059998999999998,518870,30.4148093561942,28.181484759274703,27.62085184597771,1095135.5
134,2005-01-24,31.4,32.869999,690295,30.861207473249802,28.483969548998914,27.876907804710505,1119387.5
135,2005-01-31,32.880001,34.34,1245390,31.493715205386202,28.861777965192534,28.192180594724626,1177131.0
136,2005-02-07,34.950001,35.380001,684260,32.20031262258871,29.28230848356721,28.542805980347815,986230.5
137,2005-02-14,35.900002,35.299999,2806800,32.76389196393622,29.670546581401585,28.872425152038165,1089339.5
138,2005-02-21,36.0,35.459998999999996,920090,33.25409324322054,30.044059640666,29.1937702177924,1085413.0
139,2005-02-28,35.580002,36.200001,884615,33.78971283536226,30.441217147719804,29.53553757302204,1067989.0
140,2005-03-07,36.759997999999996,39.119999,2207505,34.7588557743873,31.001138557544333,30.00307227677706,1208914.5
141,2005-03-14,39.0,36.040001000000004,594930,34.99179126995325,31.3262264570576,30.297556604739157,1108137.5
142,2005-03-21,36.830002,33.619999,292955,34.74237449359811,31.474211782408723,30.459626965483587,1084571.0
143,2005-03-28,33.400002,36.610001000000004,336520,35.081942949307546,31.80555302225332,30.759645211069753,1066336.0
144,2005-04-04,36.950001,36.43,299675,35.32704423125163,32.103904440172464,31.036247883700497,1027274.0
145,2005-04-11,35.830002,39.0,489880,35.99485437102406,32.54881383112908,31.42472359669072,951723.0
146,2005-04-18,38.400002,41.029999,2437140,36.91033521265605,33.09598706783043,31.893273616364343,1127011.0
147,2005-04-25,41.299999,42.950001,1008385,38.0084562649004,33.73172990216395,32.43262617166364,947169.5
148,2005-05-02,44.0,41.990002000000004,461705,38.73237367128215,34.26452165041144,32.898839626704444,901331.0
149,2005-05-09,43.599998,44.27,2147840,39.73921482195812,34.91003638264296,33.4535303766213,1027653.5
150,2005-05-16,44.889998999999996,46.299999,1025395,40.93208467251119,35.64487268053696,34.08018738263978,909442.5
151,2005-05-23,46.990002000000004,46.5,731100,41.94443291387279,36.34520347534103,34.68603190055979,923059.5
152,2005-05-30,46.799999,46.709998999999996,269555,42.810899474986826,37.0138999608029,35.27256688102029,920719.5
153,2005-06-06,47.599998,45.880001,238915,43.36891793408013,37.58590647946078,35.79000269170223,910959.0
154,2005-06-13,45.799999,46.369999,1752810,43.914569036974655,38.15262212594718,36.3061000725948,1056272.5
155,2005-06-20,48.799999,48.16,698035,44.686465575706535,38.79825940814414,36.884339093443835,1077088.0
156,2005-06-27,47.700001,45.790001000000004,453970,44.88710838012353,39.24933951084452,37.31876162547096,878771.0
157,2005-07-04,46.900002,47.59,402865,45.37854322010107,39.78744663917713,37.81979764374067,818219.0
158,2005-07-11,47.599998,48.919998,570345,46.022444089173604,40.3766435011657,38.36127083185088,829083.0
159,2005-07-18,49.599998,52.540001000000004,946805,47.207454436596585,41.16137624302598,39.05291620590693,708979.5
160,2005-07-25,53.189999,52.279999,492335,48.1297352663063,41.87870674347592,39.6981397568383,655673.5
161,2005-08-01,53.0,55.029999,703085,49.384328672432424,42.72717721163876,40.44603532967546,652872.0
162,2005-08-08,55.599998,59.150002,701765,51.159905641081075,43.78671429475884,41.35842394774007,696093.0
163,2005-08-15,59.799999,60.07,410460,52.779922797248155,44.8372488563873,42.271183755167385,713247.5
164,2005-08-22,60.310001,57.200001,491120,53.58357337956667,45.63484576887844,42.999418742720195,587078.5
165,2005-08-29,58.0,55.290001000000004,792065,53.89383294691819,46.257759009595965,43.598959340636284,596481.5
166,2005-09-05,56.0,54.73,441200,54.04586332020579,46.80435520252526,44.14193693377598,595204.5
167,2005-09-12,55.02,56.419998,897230,54.47752417107746,47.42471925397524,44.74086674188447,644641.0
168,2005-09-19,56.700001,53.02,1353025,54.21251977633611,47.78570510855749,45.144726900816934,722909.0
169,2005-09-26,54.0,54.07,469740,54.18660708972954,48.19114348865055,45.58010607638684,675202.5
170,2005-10-03,54.900002,55.23,306340,54.3763148915969,48.645263263576325,46.05083260924602,656603.0
171,2005-10-10,56.0,53.360001000000004,177215,54.19153054767019,48.949439891732695,46.407377408795,604016.0
172,2005-10-17,56.5,48.869999,300525,53.2239793571847,48.94431467291123,46.527505291292805,563892.0
173,2005-10-24,51.18,46.810001,421530,52.05780147406021,48.80661701659438,46.54128556976632,564999.0
174,2005-10-31,47.200001,49.630001,388930,51.616383206049264,48.859738563910874,46.69195461514357,554780.0
175,2005-11-07,49.220001,52.610001000000004,369665,51.79704098676758,49.10169097914243,46.98063980464877,512540.0
176,2005-11-14,54.48,51.720001,447360,51.7830337164462,49.27061420629453,47.21182815564151,513156.0
177,2005-11-21,51.619999,52.02,405405,51.826118495274166,49.44799393492069,47.446373123659,463973.5
178,2005-11-28,52.959998999999996,56.73,695020,52.717733314315225,49.91780077782903,47.89923297128539,398173.0
179,2005-12-05,57.599998,54.43,337475,53.029054529894275,50.208910405065865,48.217806972686105,384946.5
180,2005-12-12,55.900002,58.73,616975,54.0655900699135,50.75865812086807,48.73059687645751,416010.0
181,2005-12-19,59.119999,61.299999,1238900,55.380937148111045,51.438744629199164,49.343738443459586,522178.5
182,2005-12-26,61.799999,62.82,244680,56.733494030272674,52.17301916925083,50.00111705597375,516594.0
183,2006-01-02,62.98,62.009997999999996,293630,57.692858388404915,52.807662964783034,50.58691612641405,503804.0
184,2006-01-09,61.599998,62.110001000000004,568850,58.49597522687675,53.407813805764775,51.149017827564585,521796.0
185,2006-01-16,62.0,62.639998999999996,278240,59.249434094717344,54.00343865700576,51.709553494512654,512653.5
186,2006-01-23,62.599998,62.200001,238565,59.78590080476874,54.532249130747324,52.221282641121796,491774.0
187,2006-01-30,62.200001,62.0,677840,60.188464294810785,55.01403950940879,52.6982932439939,519017.5
188,2006-02-06,61.59,63.810001,516335,60.8469255139361,55.58152089589854,53.240327768677126,501149.0
189,2006-02-13,65.0,65.209999,666360,61.64021160231135,56.20271303164702,53.824214170205074,534037.5
190,2006-02-20,64.0,66.41999799999999,404680,62.50926367461838,56.86189270702463,54.43864264970727,512808.0
191,2006-02-27,66.199997,68.209999,499070,63.54576100650595,57.594028596894006,55.11041613020935,438825.0
192,2006-03-06,69.900002,69.08000200000001,234025,64.55198664168668,58.33505913902988,55.79185934336987,437759.5
193,2006-03-13,68.400002,66.980003,350995,64.99344416138001,58.892797452640856,56.33762244857134,443496.0
194,2006-03-20,66.209999,68.690002,240220,65.66554558658365,59.52487516537371,56.94017754864103,410633.0
195,2006-03-27,68.400002,69.150002,451295,66.2990831162957,60.14585109018831,57.53577874139025,427938.5
196,2006-04-03,69.199997,71.230003,174880,67.19561400424195,60.86095766501487,58.20378968083463,421570.0
197,2006-04-10,72.0,70.910004,99885,67.87095763983432,61.50928323501391,58.82360501347684,363774.5
198,2006-04-17,71.599998,70.220001,455110,68.29805643259171,62.07126502630334,59.379526768916996,357652.0
199,2006-04-24,72.199997,70.040001,759110,68.61477362666594,62.585377024606345,59.899549902140556,366927.0
200,2006-05-01,74.0,76.220001,924865,69.9975422399994,63.465030184309164,60.6956694678898,418945.5
201,2006-05-08,77.0,72.199997,260165,70.39798855999952,64.02857643048277,61.256856176773226,395055.0
202,2006-05-15,77.599998,71.730003,1523045,70.64017300363597,64.5254426607742,61.76774138766234,523957.0
203,2006-05-22,72.0,70.900002,413355,70.68741463933851,64.93670455362748,62.21321751509345,530193.0
204,2006-05-29,72.0,65.699997,260045,69.78061143218605,64.985949227587,62.38330431923523,532175.5
205,2006-06-05,65.019997,55.299999,223580,67.14777280815223,64.36104921290396,62.03777723049205,509404.0
206,2006-06-12,55.299999,52.41,476585,64.46817775212455,63.59001377981338,61.568129560711945,539574.5
207,2006-06-19,53.0,59.330002,198330,63.53396397901099,63.315174310148,61.45895260653087,549419.0
208,2006-06-26,62.0,59.869999,176000,62.86778852828172,63.09290493529974,61.381442674504974,521508.0
209,2006-07-03,60.200001,57.009997999999996,152575,61.80273570495777,62.70045932657073,61.168201470870585,460854.5
210,2006-07-10,57.200001,54.849998,144420,60.53860157678363,62.19397795066294,60.85999642351104,382810.0
211,2006-07-17,54.220001,51.299999,195715,58.85885565373206,61.49114059900727,60.393655085778796,376365.0
212,2006-07-24,52.200001,56.700001,253225,58.46633662578078,61.18203481842615,60.21347683769203,249383.0
213,2006-07-31,59.799999,59.529999,364770,58.65972978472973,61.07545186239866,60.180136455365584,244524.5
214,2006-08-07,59.110001000000004,61.220001,454510,59.1252336420516,61.08477761321165,60.23086155510385,263971.0
215,2006-08-14,62.799999,62.450001,219235,59.72973679804222,61.172856541391546,60.33911225973293,263536.5
216,2006-08-21,63.599998,69.540001,298305,61.51342119839818,61.71267231291467,60.787936100721566,245708.5
217,2006-08-28,70.0,67.5,228180,62.60189007141669,62.08604829272662,61.11535385190588,248693.5
218,2006-09-04,67.809998,67.75,113265,63.53791005843184,62.45146453190555,61.438995127422665,242420.0
219,2006-09-11,68.980003,68.879997,257320,64.50919859326241,62.86620856210519,61.801970828524,252894.5
220,2006-09-18,69.900002,70.510002,368440,65.60025375812378,63.35935652584034,62.22675283688868,275296.5
221,2006-09-25,72.800003,73.82,793880,67.09475307482855,64.03423674997967,62.79227708874777,335113.0
222,2006-10-02,88.0,78.379997,320580,69.1466156066779,64.95976966933581,63.55265366978446,341848.5
223,2006-10-09,77.699997,77.589996,239090,70.681775678191,65.77462298099157,64.23740207613643,329280.5
224,2006-10-16,78.0,84.050003,1545125,73.11236246397446,66.95367975641146,65.20387041388588,438342.0
225,2006-10-23,84.800003,89.150002,848020,76.02829692507001,68.3857005463204,66.37197439369632,501220.5
226,2006-10-30,89.0,93.33000200000001,654945,79.1740614841482,69.99501031752553,67.68700013058918,536884.5
227,2006-11-06,94.0,92.790001,523100,81.64968685066671,71.46565487768517,68.91153675836532,566376.5
228,2006-11-13,92.199997,94.440002,524930,83.97519869600004,72.94787082106032,70.15682774576213,607543.0
229,2006-11-20,92.209999,101.57,472290,87.17425347854548,74.79445980034676,71.68917761182252,629040.0
230,2006-11-27,102.0,97.699997,225210,89.08802502790084,76.27223639387277,72.95799806978239,614717.0
231,2006-12-04,98.709999,95.449997,261620,90.24474720464615,77.50951127168743,74.0551687493052,561491.0
232,2006-12-11,94.199997,97.639999,249195,91.58933844016502,78.80825241544953,75.20564827372934,554352.5
233,2006-12-18,99.82,97.0,417860,92.57309508740775,79.98191354993666,76.2687873823279,572229.5
234,2006-12-25,96.639999,100.449997,272630,94.00525907151543,81.30243506284397,77.44835858318996,444980.0
235,2007-01-01,102.0,99.980003,420235,95.09157614942171,82.50743944588629,78.547463188888,402201.5
236,2007-01-08,103.0,101.0,2921835,96.16583503134504,83.70050786873233,79.64270888699103,628890.5
237,2007-01-15,102.0,100.900002,288355,97.02659266200958,84.81015265139476,80.67965001445488,605416.0
238,2007-01-22,102.400002,106.800003,600949,98.80357635982602,86.22885267388541,81.95381357472537,613017.9
239,2007-01-29,108.0,106.199997,351257,100.14838011258493,87.51731359815086,83.13655422961682,600914.6
240,2007-02-05,105.0,100.150002,395784,100.14867500120586,88.33232575310888,83.96647851109893,617972.0
241,2007-02-12,100.25,99.800003,347159,100.0852800918957,89.07217589806959,84.738845559338,626525.9
242,2007-02-19,103.0,93.949997,259731,98.96977407518739,89.386874033678,85.1881700198581,627579.5
243,2007-02-26,94.349998,94.0,188372,98.06617878878968,89.6844950637633,85.61801538474307,604630.7
244,2007-03-05,91.0,85.5,195594,95.78141900900974,89.4145276402947,85.61225853670683,596927.1
245,2007-03-12,86.0,89.050003,208347,94.55752518918979,89.39100992156601,85.7799533885748,575738.3
246,2007-03-19,88.599998,85.199997,129445,92.85615642751891,89.1206219911424,85.75166283303456,296499.3
247,2007-03-26,87.800003,87.550003,108082,91.89140125887911,89.01929173364934,85.83938674361823,278472.0
248,2007-04-02,84.0,84.199997,119013,90.49296412090109,88.70836949276874,85.75941651222222,230278.4
249,2007-04-09,86.0,93.75,169646,91.08515246255544,89.03363597710624,86.14920107260163,212117.3
250,2007-04-16,95.900002,95.800003,188570,91.9423980148181,89.47017578503487,86.61997189832837,191395.9
251,2007-04-23,95.800003,93.099998,265202,92.15287073939662,89.70435786341972,86.93607073255626,183200.2
252,2007-04-30,93.25,94.0,223270,92.48871242314269,89.98149606577974,87.28065264804133,179554.1
253,2007-05-07,94.400002,88.699997,273338,91.79985507348037,89.89881870669717,87.34988895789297,188050.7
254,2007-05-14,91.5,83.900002,263594,90.3635181510294,89.51179827400703,87.18160178921526,194850.7
255,2007-05-21,85.349998,85.5,436332,89.4792421235695,89.2529725789098,87.09957243364379,217649.2
256,2007-05-28,85.5,88.099998,388823,89.22847046473869,89.17858712220594,87.14837368078311,243587.0
257,2007-06-04,85.800003,88.550003,195517,89.10511274387711,89.13803330787007,87.21674584269613,252330.5
258,2007-06-11,89.849998,91.699997,189526,89.576909881354,89.3033212880075,87.4354410211012,259381.8
259,2007-06-18,91.0,93.349998,151568,90.262925902926,89.56439720491024,87.72395599568162,257574.0
260,2007-06-25,93.199997,90.300003,131562,90.26966719330309,89.61185564330313,87.84961682516057,251873.2
261,2007-07-02,90.0,90.900002,241622,90.38427352179345,89.69496185986422,87.998416101982,249515.2
262,2007-07-09,92.0,92.699997,153382,90.80531415419463,89.8888350947117,88.22776151164142,242526.4
263,2007-07-16,93.900002,94.5,414300,91.47707521706833,90.18632960473029,88.53372436473208,256622.6
264,2007-07-23,94.5,90.550003,573893,91.30851663214682,90.20979240442512,88.632079420111,287652.5
265,2007-07-30,83.5,86.900002,107696,90.50696851721104,89.9962575396235,88.54758783864217,254788.9
266,2007-08-06,85.0,80.199997,602217,88.63297369589993,89.36424073061553,88.14038828553768,276128.3
267,2007-08-13,81.349998,78.650002,109841,86.81788793300903,88.67299952218873,87.67744261307243,267560.7
268,2007-08-20,80.650002,79.650002,703231,85.51463594518921,88.09087064978947,87.28586014414206,318931.2
269,2007-08-27,77.0,76.900002,488458,83.94833886424571,87.36887912399659,86.77923291759855,352620.2
270,2007-09-03,77.699997,74.949997,1116730,82.31227670711013,86.56766092244843,86.20219701917911,451137.0
271,2007-09-10,74.599998,74.699997,762790,80.92822585127192,85.80200518551626,85.64111409141428,503253.8
272,2007-09-17,77.0,76.449997,1073729,80.11400242376793,85.19864981870876,85.19276691622333,595288.5
273,2007-09-24,76.75,74.599998,991385,79.11145616490103,84.51486583040497,84.67604648128561,652997.0
274,2007-10-01,74.949997,70.949997,607739,77.62755449855538,83.63971300263691,84.0064830919546,656381.6
275,2007-10-08,72.449997,69.599998,956861,76.16799877154531,82.73392493795066,83.30372772161536,741298.1
276,2007-10-15,69.0,69.150002,2454296,74.89199935853708,81.85754281292158,82.61330207665851,926506.0
277,2007-10-22,70.0,80.449997,3179907,75.90254438425761,81.76673340563632,82.50777499974834,1233512.6
278,2007-10-29,83.5,79.849998,2023332,76.6202632234835,81.64307305688558,82.37812734122403,1365522.7
279,2007-11-05,80.0,76.150002,863869,76.53476118285015,81.28868137579619,82.0743163489692,1403063.8
280,2007-11-12,75.0,83.099998,1619306,77.72844060415012,81.4055405128416,82.124349600239,1453321.4
281,2007-11-19,86.0,89.25,2142870,79.82326958521374,81.91163467330342,82.47194230266636,1591329.4
282,2007-11-26,94.0,91.349998,1708918,81.91903838790215,82.52056133954191,82.90501819034118,1654848.3
283,2007-12-03,91.900002,101.300003,3632657,85.4428501355563,83.73213822086178,83.80233452251966,1918975.5
284,2007-12-10,102.0,113.599998,3743266,90.56233156545515,85.65909691629005,85.25587908239675,2232528.2
285,2007-12-17,114.5,115.050003,1813153,95.01463546264513,87.55528440556166,86.70925098081642,2318157.4
286,2007-12-24,116.900002,118.099998,1084114,99.21197410580056,89.52591108907382,88.24050693297171,2181139.2
287,2007-12-31,119.849998,125.599998,3785636,104.00979663201865,91.85327153494002,90.06292113136334,2241712.1
288,2008-01-07,123.0,118.699997,2512545,106.68074215346981,93.58531833913744,91.45985166154074,2290633.4
289,2008-01-14,120.0,107.050003,980084,106.74788048920257,94.45400767209632,92.22034684878265,2302254.9
290,2008-01-21,105.0,97.099998,1293085,104.99372003662029,94.62471672550946,92.45837861225667,2269632.8
291,2008-01-28,97.0,95.349998,567615,103.24031602996206,94.67150906579917,92.59943321653682,2112107.3
292,2008-02-04,99.900002,91.849998,509758,101.1693491154235,94.48947609381213,92.56287540109601,1992191.3
293,2008-02-11,94.0,83.400002,406231,97.93855873080105,93.77402615227587,92.11590596689621,1669548.7
294,2008-02-18,84.5,84.849998,1333735,95.55882041610995,93.19828240051613,91.76147143192566,1428595.6
295,2008-02-25,86.25,87.949997,370972,94.17539797681724,92.85968334241832,91.5755458498805,1284377.5
296,2008-03-03,87.400002,70.849998,510566,89.93441616285047,91.43970364290746,90.56454351573998,1227022.7
297,2008-03-10,66.25,63.200001,731813,85.07361340596856,89.61778734336504,89.22968778326486,921640.4
298,2008-03-17,63.0,60.5,310258,80.60568369579245,87.73922041798664,87.82823959871536,701411.7
299,2008-03-24,60.5,71.5,523953,78.95010484201201,86.69152877811653,87.0317401060951,655798.6
300,2008-03-31,72.0,70.800003,329314,77.46826814346437,85.66626905049611,86.23994805213924,559421.5
301,2008-04-07,70.300003,72.300003,159758,76.5285835719254,84.80392930530282,85.5599507325227,518635.8
302,2008-04-14,71.0,74.900002,191405,76.23247783157532,84.1649662533478,85.03995323337524,486800.5
303,2008-04-21,76.800003,69.0,470327,74.91748186219799,83.18658133377697,84.25751649028376,493210.1
304,2008-04-28,69.599998,68.349998,1190557,73.7233938872529,82.22938240901716,83.48153997856261,478892.3
305,2008-05-05,68.800003,68.150002,800918,72.71004990775236,81.32103528585476,82.7336600771693,521886.9
306,2008-05-12,67.050003,70.099998,308682,72.23549501543376,80.59709739644478,82.117383878283,501698.5
307,2008-05-19,70.099998,70.0,782956,71.82904137626399,79.91341369344835,81.52629198178138,506812.8
308,2008-05-26,68.5,68.150002,496384,71.16012512603417,79.15448390677426,80.87379003145058,525425.4
309,2008-06-02,66.099998,65.050003,700055,70.0491938303916,78.24451739665979,80.10189798113592,543035.6
310,2008-06-09,62.049999,63.400002,179675,68.8402498612295,77.28680672590754,79.28717134790978,528071.7
311,2008-06-16,64.25,61.799999,92996,67.56020425009686,76.28765784036511,78.43413855045077,521395.5
312,2008-06-23,63.400002,56.900002,195132,65.62198565917016,75.03684133453511,77.38369286506293,521768.2
313,2008-06-30,57.599998,49.75,279623,62.73617008477559,73.40543221617801,76.03570784725498,502697.8
314,2008-07-07,51.400002,51.549999,167793,60.702320796634574,71.99540426674717,74.84128302543766,400421.4
315,2008-07-14,51.0,49.5,238558,58.66553519724647,70.5440878624409,73.60512287785534,344185.4
316,2008-07-21,48.25,53.150002,154674,57.6627109795653,69.42188877454149,72.60731210332581,328784.6
317,2008-07-28,53.0,52.900002,189578,56.79676389237161,68.3559605955388,71.64597990316358,269446.8
318,2008-08-04,53.0,53.950001,238724,56.279170639213135,67.42654384743953,70.78276142008242,243680.8
319,2008-08-11,55.849998,54.349998,119684,55.92841197753802,66.58289572824988,69.98116320446864,185643.7
320,2008-08-18,53.25,51.849998,92798,55.186882163440195,65.63238619739505,69.09671612132384,176956.0
321,2008-08-25,52.700001,50.75,70348,54.38017631554198,64.67223224917602,68.20175435930804,174691.2
322,2008-09-01,47.099998,51.0,68609,53.76559880362526,63.79015274922918,67.3626443905613,162038.9
323,2008-09-08,52.049999,49.599998,115372,53.008216839329755,62.8746588944402,66.49617383492416,145613.8
324,2008-09-15,48.950001,47.75,151788,52.05217741399707,61.89887444963761,65.58172633078152,144013.3
325,2008-09-22,48.0,43.650002,79032,50.524509156906696,60.72152783998357,64.51188611952388,128060.7
326,2008-09-29,44.0,40.650002,168351,48.7291442192873,59.42659068901689,63.34789177223003,129428.4
327,2008-10-06,41.0,32.0,207874,45.687481633962335,57.65713322520935,61.81872631992612,131258.0
328,2008-10-13,32.0,29.700001,218114,42.780666973241914,55.85344727519584,60.251959231149236,129197.0
329,2008-10-20,29.35,24.950001,243616,39.53872770537975,53.859676547763854,58.529912488166346,141590.2
330,2008-10-27,24.0,23.9,331322,36.695322668037974,51.926794189843605,56.84064846435335,165442.6
331,2008-11-03,24.700001,23.950001,339723,34.377991455667434,50.12183979049885,55.23622663682392,192380.1
332,2008-11-10,24.799999,23.0,171768,32.309265736455174,48.3720436749828,53.66372777649105,202696.0
333,2008-11-17,23.0,21.549999,130653,30.353035420736052,46.64158917982262,52.09720442154027,204224.1
334,2008-11-24,22.5,20.0,258417,28.47066534423859,44.92277697467277,50.531487132684646,214887.0
335,2008-12-01,20.85,19.85,242427,26.903271645286118,43.30517846017776,49.0348292237732,231226.5
336,2008-12-08,20.0,20.0,362359,25.648131346143188,41.80161855952113,47.61849609090621,250627.3
337,2008-12-15,20.6,24.0,1890652,25.34847110138988,40.653127039552025,46.4663743303742,418905.1
338,2008-12-22,24.25,22.4,311727,24.81238544659172,39.475505940226085,45.29240485084375,428266.4
339,2008-12-29,22.1,25.549999,444923,24.94649700175686,38.57708613763086,44.329360662997715,448397.1
340,2009-01-05,26.0,23.450001,556163,24.67440681961925,37.60114516100951,43.31085531358319,470881.2
341,2009-01-12,27.0,23.85,178753,24.52451467059757,36.71397450546051,42.36154529828645,454784.2
342,2009-01-19,24.5,21.85,159796,24.038239275943464,35.75500840833403,41.360982113004184,453587.0
343,2009-01-26,22.799999,19.950001,449635,23.294923225771925,34.735330511022156,40.31654400993081,485485.2
344,2009-02-02,20.049999,19.35,354470,22.577664457449757,33.74272854256911,39.29378576554394,495090.5
345,2009-02-09,19.799999,19.65,295504,22.04536182882253,32.83352024950013,38.33555231356618,500398.2
346,2009-02-16,19.65,18.450001,214393,21.391659859945705,31.905551265661416,37.36552542022149,485601.6
347,2009-02-23,18.450001,18.25,69524,20.820448976319213,31.02454795819939,36.433060765576535,303488.8
348,2009-03-02,18.1,17.25,118289,20.171276435170267,30.135867444767168,35.497301703841096,284145.0
349,2009-03-09,17.5,17.799999,78255,19.740135083321128,29.34000496445961,34.63401864511714,247478.2
350,2009-03-16,18.0,18.9,153898,19.587383249990015,28.66645625707512,33.86650554047728,207251.7
351,2009-03-23,19.0,19.6,262407,19.589677204537285,28.08152359532834,33.1705784409418,215617.1
352,2009-03-30,19.700001,22.549999,532529,20.12791753098505,27.724651040791027,32.6525013950422,252890.4
353,2009-04-06,23.9,25.049999,548730,21.022841434442316,27.55209284461096,32.28164761967429,262799.9
354,2009-04-13,25.0,25.4,586584,21.818688446361897,27.41324814495864,31.9459574918853,286011.3
355,2009-04-20,25.1,24.450001,267093,22.297108910659734,27.222070909800017,31.58030107764699,283170.2
356,2009-04-27,24.950001,23.950001,69992,22.597634745085237,27.01096962529679,31.20809131776177,268730.1
357,2009-05-04,24.75,25.0,290747,23.034428427797014,26.88122964947119,30.90525759494412,290852.4
358,2009-05-11,25.0,24.85,159814,23.36453235001574,26.750182575311758,30.609879175678554,295004.9
359,2009-05-18,26.5,36.349998,1251311,25.725526104558334,27.369525505936807,30.889884971986916,412310.5
360,2009-05-25,36.299999,40.049999,1095468,28.329975721911364,28.187620570069917,31.3367198026217,506467.5
361,2009-06-01,41.0,41.299999,980680,30.688161772472935,29.033580468775085,31.82273342200601,578294.8
362,2009-06-08,42.0,36.150002,647783,31.68122363202331,29.492704438531533,32.03381969410328,589820.2
363,2009-06-15,35.5,31.450001,520065,31.639183153473617,29.61898163604563,32.005340733415316,586953.7
364,2009-06-22,32.450001,32.599998,368431,31.81387676193296,29.81130527242978,32.034348404956035,565138.4
365,2009-06-29,33.299999,32.5,594881,31.938626441581512,29.98476944840205,32.0570631169094,597917.2
366,2009-07-06,32.950001,28.6,342868,31.331603452203055,29.895429483989016,31.888425891694304,625204.8
367,2009-07-13,28.200001,31.299999,397319,31.325857188166136,29.986046872118756,31.85972214087995,635862.0
368,2009-07-20,31.5,35.5,2554726,32.0847922448632,30.341785783594965,32.03729667059312,875353.2
369,2009-07-27,35.700001,39.549999,3273472,33.442102563978985,30.935864055621096,32.403769954954434,1077569.3
370,2009-08-03,39.75,38.650002,1993142,34.38899337052826,31.433550374613283,32.70846420105422,1167336.7
371,2009-08-10,39.5,40.099998,928240,35.42735784861403,31.99267602786404,33.06902682539304,1162092.7
372,2009-08-17,39.0,40.400002,1763340,36.33147496704784,32.535084155098616,33.426635370495816,1273648.4
373,2009-08-24,41.099998,41.799999,2256992,37.32575206394823,33.13282059670516,33.83509213291065,1447341.1
374,2009-08-31,41.099998,43.549999,2053599,38.45743332504855,33.80489662272418,34.30899002886623,1615857.9
375,2009-09-07,43.5,43.099998,1071495,39.30153599322154,34.40458058254843,34.73781968599471,1663519.3
376,2009-09-14,42.5,42.849998,728467,39.9467109035449,34.94944622238401,35.13353570131204,1702079.2
377,2009-09-21,42.900002,47.099998,2361751,41.24730855744583,35.73335278868182,35.71726556954072,1898522.4
378,2009-09-28,47.0,47.900002,2066792,42.456889183364765,36.51829789908945,36.311545395416786,1849729.0
379,2009-10-05,46.25,44.799999,825572,42.88290915002572,37.052601195922385,36.725616302957434,1604939.0
380,2009-10-12,45.200001,47.25,997977,43.67692566820286,37.71049789295965,37.239000873544875,1505422.5
381,2009-10-19,47.349998,53.049999,3443214,45.381120819438706,38.70014312567193,38.01026907483537,1756919.9
382,2009-10-26,53.650002,51.150002,2175664,46.430008306813484,39.50335982724148,38.65123165655072,1798152.3
383,2009-11-02,51.0,52.650002,910513,47.56091625102921,40.3515302900001,39.33409850257264,1663504.4
384,2009-11-09,53.75,54.599998,1951745,48.84074929629663,41.27078627129041,40.07877652683739,1653319.0
385,2009-11-16,55.799999,52.25,958097,49.460613060606335,41.979122640884576,40.67249474504044,1641979.2
386,2009-11-23,52.349998,51.5,572184,49.83141068595064,42.59337279308557,41.20066573308725,1626350.9
387,2009-11-30,52.0,57.950001,1774378,51.307518015777795,43.58412299998328,42.0177064778147,1567613.6
388,2009-12-07,57.5,57.200001,1558525,52.37887855836365,44.462566741919844,42.758306210604225,1516786.9
389,2009-12-14,56.950001,56.200001,632058,53.07362809320662,45.21982056502179,43.413998639355235,1497435.5
390,2009-12-21,56.5,60.0,988591,54.33296843989633,46.17338052856877,44.223071876459855,1496496.9
391,2009-12-28,60.0,59.900002,960524,55.34515635991518,47.05896901059659,44.98780017516913,1248227.9
392,2010-01-04,59.400002,62.25,1670980,56.600582476294235,48.03903552604197,45.82985870320966,1197759.5
393,2010-01-11,62.549999,64.150002,4594937,57.9732042078771,49.07845271791023,46.72352422988236,1566201.9
394,2010-01-18,63.950001,57.75,1656420,57.93262162462672,49.637907381270864,47.261401096717364,1536669.4
395,2010-01-25,57.400002,52.299999,909612,56.90850842014913,49.809655227640484,47.507186360292124,1531820.9
396,2010-02-01,52.200001,50.549999,1027890,55.752415798303836,49.85741934198626,47.655616245155926,1577391.5
397,2010-02-08,51.650002,51.099998,403271,54.90652165315768,49.9375857070194,47.82363486734344,1440280.8
398,2010-02-15,50.5,50.25,320551,54.05988135258356,49.95774146785686,47.94199414210718,1316483.4
399,2010-02-22,51.200001,50.700001,347433,53.44899401575019,50.005629179608036,48.076531062004385,1288020.9
400,2010-03-01,51.0,52.900002,396030,53.34917728561379,50.192362909955904,48.311822327272466,1228764.8
401,2010-03-08,53.5,51.549999,477571,53.02205396095674,50.279952335120036,48.46978216496649,1180469.5
402,2010-03-15,51.849998,49.849998,416096,52.44531651351006,50.252213345757454,48.53710976667544,1054981.1
403,2010-03-22,50.700001,50.450001,641148,52.08253187469005,50.264973839579554,48.63042153415469,659602.2
404,2010-03-29,51.400002,52.0,948176,52.06752607929186,50.37691101121958,48.79479121541544,588777.8
405,2010-04-05,52.5,55.450001,2176188,52.68252151942061,50.704207139527995,49.119435595151266,715435.4
406,2010-04-12,55.950001,55.799999,587104,53.24933560679868,51.03296790471974,49.445316736851204,671356.8
407,2010-04-19,55.099998,57.5,1227072,54.02218367828983,51.450195781834594,49.83822811554139,753736.9
408,2010-04-26,58.0,57.849998,1430483,54.718149918600766,51.86308624752269,50.22904615868571,864730.1
409,2010-05-03,55.5,51.799999,1117052,54.18757702430972,51.859016102521224,50.30567800460348,941692.0
410,2010-05-10,53.0,50.400002,512899,53.49892701988977,51.76488616042308,50.31027917511063,953378.9
411,2010-05-17,49.0,47.25,531698,52.3627584708189,51.47360318233127,50.16099726412963,958791.6
412,2010-05-24,48.950001,49.200001,341606,51.78771165794274,51.32691917056796,50.11411939758672,951342.6
413,2010-05-31,49.0,50.75,580562,51.59903681104406,51.28969857891842,50.1451379635581,945284.0
414,2010-06-07,50.0,47.75,442080,50.899211936308774,51.06133092866562,50.02830196533575,894674.4
415,2010-06-14,48.0,48.150002,451158,50.39935558425263,50.87350325584848,49.936677576782785,722171.4
416,2010-06-21,48.900002,49.950001,686676,50.317654750752155,50.81392246514858,49.93732749986655,732128.6
417,2010-06-28,50.5,50.650002,887702,50.37808152334267,50.803346951268026,49.97209210962915,698191.6
418,2010-07-05,51.0,54.549999,1540370,51.136611973644,51.045066438282994,50.195404640866755,709180.3
419,2010-07-12,54.950001,56.349998,3084718,52.08450034207237,51.387320087426026,50.495628707165935,905946.9
420,2010-07-19,57.450001,56.75,1310447,52.93277300715012,51.73329943662435,50.80071998974321,985701.7
421,2010-07-26,57.099998,55.700001,548500,53.43590536948646,51.989215666519556,51.03970930731671,987381.9
422,2010-08-02,57.0,59.700001,2562564,54.57483184776165,52.48668568803442,51.46216256061834,1209477.7
423,2010-08-09,60.25,56.700001,1593527,54.96122623907772,52.75851248235478,51.71766687473452,1310774.2
424,2010-08-16,58.0,62.349998,3263020,56.30463928651813,53.377317999622214,52.23631717352796,1592868.2
425,2010-08-23,62.349998,57.5,1121026,56.52197759806029,53.64329748351756,52.493082189453425,1659855.0
426,2010-08-30,58.0,58.849998,825755,56.9452540347766,53.97921364587126,52.80317564362643,1673762.9
427,2010-09-06,59.5,60.299999,1986995,57.55520766481722,54.38700624936344,53.16887434393734,1783692.2
428,2010-09-13,60.950001,58.799999,1327809,57.78153336212318,54.67171545908192,53.443563351550154,1762436.1
429,2010-09-20,58.75,59.150002,1192287,58.030345841737144,54.96063717139922,53.72192621245014,1573193.0
430,2010-09-27,59.099998,58.25,945193,58.0702829614213,55.172854128083145,53.942807860623304,1536667.6
431,2010-10-04,59.25,58.799999,1204558,58.20295860479924,55.40686347465843,54.17974401376363,1602273.4
432,2010-10-11,60.400002,59.5,2066940,58.438784313017564,55.67093679887402,54.43926869601906,1552711.0
433,2010-10-18,60.25,64.25,3604721,59.49536898337801,56.22442474733376,54.91784095474984,1753830.4
434,2010-10-25,64.25,58.799999,1708461,59.36893807730928,56.390590828150934,55.107214517932775,1598374.5
435,2010-11-01,59.450001,62.849998,1387645,60.001858063253046,56.807326774721844,55.48491127315557,1625036.4
436,2010-11-08,63.0,59.950001,859704,59.992429506297945,57.01007995054624,55.70272052812359,1628431.3
437,2010-11-15,60.0,57.349998,530025,59.51198741424378,57.03201014728519,55.78307552675171,1482734.3
438,2010-11-22,58.75,52.25,450814,58.191626066199454,56.72349336358937,55.610730379105284,1395034.8
439,2010-11-29,53.5,54.650002,313888,57.547694417799555,56.58971972722877,55.56386558012454,1307194.9
440,2010-12-06,54.75,52.150002,382785,56.56629579638145,56.30328632547207,55.39733564938676,1250954.1
441,2010-12-13,52.150002,53.849998,185266,56.07242346976664,56.145009659312585,55.321855764050824,1149024.9
442,2010-12-20,53.900002,54.150002,221690,55.72289229344543,56.01629948774403,55.26469216580444,964499.9
443,2010-12-27,55.0,53.599998,448932,55.33691151281899,55.860409069179894,55.183487572350565,648921.0
444,2011-01-03,54.0,52.099998,546028,54.74838178321554,55.617801903426354,55.03307344687005,532677.7
445,2011-01-10,54.25,49.400002,655152,53.77594909535817,55.21665352256014,54.758289473851995,459428.4
446,2011-01-17,49.0,49.599998,379989,53.0166852598385,54.8542886501369,54.50666549951775,411456.9
447,2011-01-24,50.0,48.849998,394675,52.259105758049685,54.46691505980549,54.230730499541274,397921.9
448,2011-01-31,48.0,46.75,303036,51.257450165677014,53.9690495720761,53.86581681663682,383144.1
449,2011-02-07,46.75,45.099998,301835,50.13791340828119,53.39685269645829,53.4382158987521,381938.8
450,2011-02-14,46.849998,46.849998,256673,49.54011060677552,52.974474974106144,53.11683941588614,369327.6
451,2011-02-21,47.950001,44.5,210294,48.623726860089064,52.42773465319607,52.696505785842916,371830.4
452,2011-02-28,45.799999,48.400002,314280,48.583049612800146,52.16788093363503,52.486920235313995,381089.4
453,2011-03-07,48.5,47.650002,429233,48.41340459229103,51.87640487340052,52.25097300432307,379119.5
454,2011-03-14,47.25,46.0,274397,47.97460375732903,51.49728197834242,51.94604749191707,351956.4
455,2011-03-21,46.0,47.299999,955488,47.851948346905566,51.226489528126784,51.71941098011624,381990.0
456,2011-03-28,47.900002,47.650002,467983,47.81523082928637,50.9957483972799,51.520903224988615,390789.4
457,2011-04-04,48.900002,52.450001,822105,48.65791631487067,51.089571145842484,51.5662250676721,433532.4
458,2011-04-11,53.700001,56.099998,1021206,50.011022075803275,51.412824491272,51.78738472290761,505349.4
459,2011-04-18,56.0,53.900002,457447,50.718109334748135,51.573287556351225,51.89043922422919,520910.6
460,2011-04-25,54.25,52.450001,389498,51.03299872843029,51.629849714005985,51.917734920608254,534193.1
461,2011-05-02,52.400002,50.849998,620187,50.99972586871569,51.57953670019915,51.86565019277371,575182.4
462,2011-05-09,51.299999,49.099998,284791,50.65432080167648,51.41956646147662,51.73074032971157,572233.5
463,2011-05-16,49.0,48.099998,160170,50.18989847409893,51.20540075428458,51.55363094777442,545327.2
464,2011-05-23,48.049999,46.700001,115431,49.5553716606264,50.91472980239526,51.31686851129762,529430.6
465,2011-05-30,47.25,46.700001,366275,49.036213358694326,50.64281181514395,51.09165546196603,470509.3
466,2011-06-06,47.0,47.650002,796020,48.78417492984081,50.449727310941114,50.92376992723598,503313.0
467,2011-06-13,47.0,47.950001,417291,48.632506942597026,50.288454645719106,50.77870802834642,462831.6
468,2011-06-20,48.700001,45.349998,229573,48.03568713485211,49.96984453954368,50.51389290501245,383668.3
469,2011-06-27,45.0,46.900002,194284,47.82919892851536,49.771790182153765,50.33760554379233,357352.0
470,2011-07-04,46.950001,47.799999,189956,47.82388985060348,49.64457784782127,50.21381985872929,337397.8
471,2011-07-11,47.25,47.5,99044,47.76500078685739,49.50621798667151,50.081438402205904,285283.5
472,2011-07-18,47.5,46.299999,176206,47.498636825610596,49.299365148821735,49.896977943561716,274425.0
473,2011-07-25,46.549999,45.349998,252771,47.107975220954124,49.04456726825259,49.67517404387578,283685.1
474,2011-08-01,46.400002,42.25,178108,46.22470699896247,48.60620808965565,49.3129704319794,289952.8
475,2011-08-08,42.0,40.099998,355310,45.111123544605654,48.05742034193593,48.86355714261455,288856.3
476,2011-08-15,41.200001,38.150002,244331,43.84546508195008,47.41823206181103,48.34094469663336,233687.4
477,2011-08-22,38.5,39.200001,404515,43.00083524886825,46.88802360621032,47.89504500411466,232409.8
478,2011-08-29,40.099998,40.400002,149276,42.52795647634675,46.46944156709998,47.52943315025541,224380.1
479,2011-09-05,40.0,40.200001,168880,42.10469184428371,46.06496153051288,47.17189987463319,221839.7
480,2011-09-12,40.450001,39.450001,119719,41.62202078168667,45.63818988338302,46.79522188074864,214816.0
481,2011-09-19,39.75,38.599998,177838,41.072562094107276,45.18411298768089,46.39545486217554,222695.4
482,2011-09-26,38.200001,37.799999,142647,40.47755062245141,44.70771853686277,45.97616433231332,219339.5
483,2011-10-03,37.5,36.299999,150298,39.7179957820057,44.1652850183555,45.50415626732242,209092.2
484,2011-10-10,37.099998,37.299999,118927,39.27836000345921,43.722363339751915,45.1039534737945,203174.1
485,2011-10-17,37.950001,36.900002,128823,38.84593127555754,43.282210995251795,44.70376071897525,180525.4
486,2011-10-24,36.650002,38.150002,183057,38.719398680001625,42.95110073749361,44.384065171708166,174398.0
487,2011-10-31,38.0,36.450001,234168,38.30678092000133,42.5316749479779,43.997037651137035,157363.3
488,2011-11-07,36.450001,36.099998,177984,37.90554766181927,42.11672804810836,43.61181620474011,160234.1
489,2011-11-14,36.150002,32.049999,322643,36.8409024505794,41.46726165790782,43.04782512158206,175610.4
490,2011-11-21,32.200001,31.15,196674,35.80619291411042,40.80163187352667,42.467443408334155,183305.9
491,2011-11-28,31.5,29.700001,512403,34.69597620245398,40.08539762362172,41.844641339634926,216762.4
492,2011-12-05,29.9,28.549999,98963,33.578525802007796,39.34117835758161,41.19612220111615,212394.0
493,2011-12-12,28.65,24.9,1431332,32.00061201982456,38.409489431286026,40.4011894108178,340497.4
494,2011-12-19,24.9,30.200001,488472,31.673228198038274,37.87984501636435,39.90357046394864,377451.9
495,2011-12-26,30.299999,30.549999,318904,31.469004707485862,37.406951724986,39.44729868521944,396460.0
496,2012-01-02,31.0,30.75,159972,31.338276578852067,36.97747096853529,39.02304021276971,394151.5
497,2012-01-09,31.200001,35.150002,1017075,32.03131756451533,36.85956974475882,38.83411151946387,472442.2
498,2012-01-16,35.099998,33.400002,278510,32.280169280058,36.636371825742124,38.56903300631929,482494.8
499,2012-01-23,33.549999,32.75,278724,32.36559304732018,36.38563815956521,38.28517773771835,478102.9
500,2012-01-30,33.099998,34.0,697327,32.66275794780742,36.231726020238426,38.076144677341844,528168.2
501,2012-02-06,34.900002,34.849998,408619,33.06043795729698,36.14258227699724,37.91877166869102,517789.8
502,2012-02-13,35.599998,36.099998,387981,33.61308523778844,36.13983490428774,37.830051001925604,546691.6
503,2012-02-20,36.099998,33.799999,279566,33.647069558190545,35.9888777491724,37.63346309939265,431515.0
504,2012-02-27,34.0,33.349998,196377,33.593056547610445,35.818627442774186,37.42451358234911,402305.5
505,2012-03-05,33.0,33.25,212228,33.530682629863094,35.65290954324037,37.220878773454025,391637.9
506,2012-03-12,34.0,33.049999,330139,33.44328560625162,35.48497983077325,37.01742122352944,408654.6
507,2012-03-19,33.049999,31.65,206545,33.117233677842236,35.237561777174975,36.75559579799142,327601.6
508,2012-03-26,32.25,31.049999,151899,32.74137282732546,34.96739643671207,36.47727400296745,314940.5
509,2012-04-02,31.9,32.849998,171321,32.76112285872083,34.83079008595645,36.30033371013977,304200.2
510,2012-04-09,33.950001,32.549999,338177,32.72273670258977,34.68364227395926,36.11739055354759,268285.2
511,2012-04-16,32.049999,33.650002,403943,32.89133039302799,34.61695580467156,35.99703013630136,267817.6
512,2012-04-23,33.75,31.5,192052,32.638361230659264,34.415861881789525,35.777662812579344,248224.7
513,2012-04-30,34.0,35.75,1734378,33.20411373417576,34.50193530877085,35.77631340708767,393705.9
514,2012-05-07,35.900002,37.5,1330118,33.98518396432562,34.695358837237244,35.86039567991266,507080.0
515,2012-05-14,38.0,35.299999,337337,34.22424124353915,34.73436787999613,35.83305925650229,519590.9
516,2012-05-21,35.0,36.400002,318802,34.61983410835021,34.84182814580283,35.860715000087545,518457.2
517,2012-05-28,36.0,37.049999,279209,35.06168227046835,34.98429078155748,35.91872885374181,525723.6
518,2012-06-04,36.900002,37.799999,177030,35.559558039474105,35.16594937629571,36.01049812916904,528236.7
519,2012-06-11,37.549999,40.650002,413024,36.485093305024265,35.51975922298631,36.23681539116079,552407.0
520,2012-06-18,43.200001,41.5,1876339,37.39689452229258,35.9055812086001,36.49355610378709,706223.2
521,2012-06-25,42.349998,41.549999,437222,38.15200442733029,36.26973719514203,36.740211854821865,709551.1
522,2012-07-02,42.25,42.650002,732788,38.96982216781569,36.68136718255222,37.028494300928116,763624.7
523,2012-07-09,42.0,42.049999,470922,39.52985431912193,37.02773052561337,37.27344574966333,637279.1
524,2012-07-16,42.0,41.0,365657,39.797153533827036,37.2840059755738,37.455228883826095,540833.0
525,2012-07-23,40.099998,39.599998,342265,39.76130707313121,37.43342481585936,37.55985176754189,541325.8
526,2012-07-30,39.0,39.599998,349505,39.73197815074372,37.57320373096521,37.659371095954484,544396.1
527,2012-08-06,39.900002,39.049999,179954,39.60798194151759,37.66848084509649,37.7272066034689,534470.6
528,2012-08-13,39.0,38.599998,502740,39.42471213396894,37.728578726058004,37.769781793543586,567041.6
529,2012-08-20,38.599998,38.400002,216844,39.23840120052004,37.771896356634905,37.80052424263902,547423.6
530,2012-08-27,38.200001,36.200001,143327,38.68596480042549,37.67048375298104,37.72244993812004,374122.4
531,2012-09-03,30.0,37.549999,139987,38.47942556398449,37.662710543111295,37.71403769723614,344398.9
532,2012-09-10,38.599998,41.400002,1485638,39.010439461441855,37.90382612097508,37.893840833956325,419683.9
533,2012-09-17,42.299999,40.25,271147,39.235814104816065,38.055192177686365,38.008775427421874,399706.4
534,2012-09-24,39.650002,41.200001,799539,39.592938994849504,38.25808306944854,38.16444496754764,443094.6
535,2012-10-01,41.349998,45.349998,1358548,40.639676995785955,38.71562596819379,38.514959749618484,544722.9
536,2012-10-08,45.349998,43.849998,840232,41.22337172382487,39.04687577669742,38.77520551792978,593795.6
537,2012-10-15,43.700001,47.5,2237446,42.36457686494762,39.592238629813714,39.20080524876247,799544.8
538,2012-10-22,48.25,45.150002,2099216,42.871017798593506,39.95080400853541,39.491009968335035,959192.4
539,2012-10-29,44.549999,44.0,372292,43.076287289758326,40.21204245959764,39.710960701586984,974737.2
540,2012-11-05,43.75,52.75,3811744,44.8351441461659,41.02094294607521,40.347011399070546,1341578.9
541,2012-11-12,53.650002,49.75,1179799,45.728754301408465,41.584107917296166,40.80569376984759,1445560.1
542,2012-11-19,49.75,49.25,2390945,46.36898079206147,42.078681600051254,41.2176111469282,1536090.8
543,2012-11-26,49.5,52.400002,2308124,47.46553010259575,42.744573238757624,41.76309362756585,1739788.5
544,2012-12-03,52.900002,60.200001,3596718,49.78088844757834,43.8707298685152,42.66245496280654,2019506.4
545,2012-12-10,61.150002,59.599998,1429823,51.56618109347319,44.885521360869056,43.48867657437695,2026633.9
546,2012-12-17,60.299999,57.099998,652713,52.57232962193261,45.67355211178073,44.15264347318784,2007882.0
547,2012-12-24,56.849998,57.0,635535,53.377360599763044,46.40429068521423,44.77934379156892,1847690.9
548,2012-12-31,57.849998,58.849998,1709264,54.37238558162431,47.207239544232664,45.46571716758995,1808695.7
549,2013-01-07,59.0,55.400002,672370,54.55922493041989,47.735804863959586,45.95031642770751,1838703.5
550,2013-01-14,55.849998,56.099998,865722,54.83936548852536,48.2754302275751,46.44542284586812,1544101.3
551,2013-01-21,56.349998,55.200001,1260185,54.904935581520746,48.72217672902187,46.8724754387526,1552139.9
552,2013-01-28,55.599998,57.75,653096,55.42222002124425,49.30461694005272,47.40308639295979,1378355.0
553,2013-02-04,57.75,55.099998,552003,55.36363419919984,49.678512492307384,47.77854549574224,1202742.9
554,2013-02-11,55.75,50.200001,1678055,54.42479179934533,49.71215691215852,47.896665276437744,1010876.6
555,2013-02-18,50.200001,52.900002,862811,54.14755729037345,49.91782433718055,48.14073048246517,954175.4
556,2013-02-25,52.0,48.299999,811789,53.084364873941915,49.81344850897535,48.148499678442484,970083.0
557,2013-03-04,48.0,47.450001,685932,52.05993507867975,49.660968024525324,48.114426572176995,975122.7
558,2013-03-11,47.700001,46.400002,387290,51.03085633710161,49.45058311971724,48.030796105241535,842925.3
559,2013-03-18,45.799999,42.349998,642101,49.45251845762859,48.99248085392903,47.75368400254683,839898.4
560,2013-03-25,43.299999,45.599998,375792,48.752060192605214,48.77361099238522,47.64862614876405,790905.4
561,2013-04-01,46.0,50.099998,831975,48.99713979394972,48.85918434771521,47.76820526345849,748084.4
562,2013-04-08,49.349998,49.099998,292115,49.015841285958864,48.87472071237874,47.83317076280198,711986.3
563,2013-04-15,49.099998,47.0,349811,48.6493246885118,48.75377098899946,47.79252828656774,691767.1
564,2013-04-22,47.0,53.049999,829688,49.44944729060056,49.03094698970917,48.048990272588824,606930.4
565,2013-04-29,53.0,48.450001,946263,49.26772978321864,48.993466603276325,48.06855177148693,615275.6
566,2013-05-06,48.5,56.049999,5083458,50.50086964081525,49.44872675790366,48.45789066068269,1042442.5
567,2013-05-13,55.5,56.849998,2828783,51.65525661521248,49.92622812836149,48.86726175040549,1256727.6
568,2013-05-20,57.650002,53.25,1576490,51.94520995790112,50.14066502330591,49.08105386014181,1375647.6
569,2013-05-27,53.5,52.450001,1140963,52.03699014737364,50.28965444115714,49.245392745012936,1425533.8
570,2013-06-03,52.599998,52.849998,778512,52.18480975694207,50.45483789656635,49.421227147695234,1465805.8
571,2013-06-10,53.450001,50.75,590614,51.92393525567988,50.47388061291691,49.48604533561254,1441669.7
572,2013-06-17,50.900002,50.049999,609252,51.583219572828995,50.44653341208356,49.51355527046071,1473383.4
573,2013-06-24,50.049999,49.299999,473624,51.16808855958736,50.37256345001365,49.50313789141384,1485764.7
574,2013-07-01,49.5,55.25,1615106,51.91025427602602,50.68723677581922,49.783472628418046,1564306.5
575,2013-07-08,55.349998,54.349998,1001494,52.353844044021294,50.923543951572825,50.006229963617166,1569829.6
576,2013-07-15,54.0,64.550003,4348940,54.57132749056288,51.802670341793934,50.715682306855356,1496377.8
577,2013-07-22,64.449997,56.5,1428904,54.92199521955145,52.10572386812981,50.997844145545336,1356389.9
578,2013-07-29,57.0,51.0,928475,54.208905179633,52.0343868443795,50.99794930917727,1291588.4
579,2013-08-05,51.25,54.400002,686831,54.243650056063366,52.187007177000176,51.163903098973506,1246175.2
580,2013-08-12,56.0,54.599998,678430,54.30844059132457,52.34268400429049,51.33151748438943,1236167.0
581,2013-08-19,54.950001,52.549999,547908,53.988723938356465,52.356059165304,51.39095560710214,1231896.4
582,2013-08-26,53.0,51.599998,422385,53.55441013138256,52.30728102560697,51.4011527969996,1213209.7
583,2013-09-02,51.200001,51.849998,343152,53.24451701658573,52.27777889492265,51.42304768495084,1200162.5
584,2013-09-09,51.849998,52.25,1194424,53.063695740842874,52.27598670815345,51.46338682227031,1158094.3
585,2013-09-16,53.0,53.0,1252738,53.05211469705326,52.322697243111286,51.53834356264737,1183218.7
586,2013-09-23,52.599998,55.549999,1544572,53.506275479407215,52.53091025968475,51.734034071786525,902781.9
587,2013-09-30,55.549999,57.75,884774,54.27786175587863,52.86762572680186,52.02749582438231,848368.9
588,2013-10-07,57.200001,57.75,810926,54.909159618446154,53.18261761539529,52.30664236953439,836614.0
589,2013-10-14,58.0,57.900002,582066,55.452949142365036,53.4869649950472,52.57948918077661,826137.5
590,2013-10-21,58.099998,57.650002,954645,55.852413298298664,53.755548027624805,52.82683126951922,853759.0
591,2013-10-28,57.950001,58.950001,1483991,56.41561106224436,54.09067402584256,53.12552247588413,947367.3
592,2013-11-04,58.950001,65.5,3636557,58.067318141836296,54.826759572562395,53.729155525841,1268784.5
593,2013-11-11,67.5,72.849998,5890426,60.755078116047876,55.98954914852611,54.66187954897071,1823511.9
594,2013-11-18,74.0,70.699997,3887137,62.563245185857355,56.9386103002341,55.444226741703844,2092783.2
595,2013-11-25,71.099998,75.400002,2495070,64.89720097024693,58.12966782925126,56.41767919332805,2217016.4
596,2013-12-02,76.0,76.0,2270427,66.9158917029293,59.2825924854286,57.37291435462912,2289601.9
597,2013-12-09,77.599998,80.099998,4399040,69.31300193876034,60.62565090572353,58.48155258123258,2641028.5
598,2013-12-16,80.0,81.050003,1931489,71.447002131713,61.943351040838145,59.58245260166026,2753084.8
599,2013-12-23,81.75,82.75,2237012,73.50209265321973,63.285715489816326,60.712576864993906,2918579.4
600,2013-12-30,82.75,89.800003,4070019,76.46534907990706,64.99631468402173,62.131475700847865,3230116.8
601,2014-01-06,90.699997,84.400002,3047820,77.90801324719668,66.24816547860097,63.21774527641626,3386499.7
602,2014-01-13,84.849998,80.199997,1078701,78.32473756588819,67.14828364127187,64.04614779951791,3130714.1
603,2014-01-20,80.0,86.0,3461187,79.72023982663579,68.36452340635111,65.11706741905363,2887790.2
604,2014-01-27,84.800003,84.75,1180776,80.63474167633838,69.42165092852201,66.07477144739248,2617154.1
605,2014-02-03,84.0,83.949997,1090225,81.23751537154958,70.35896357829479,66.94673366947089,2476669.6
606,2014-02-10,84.199997,76.75,4080708,80.42160348581329,70.77128850872738,67.42494178315523,2657697.7
607,2014-02-17,75.199997,76.849998,1353697,79.77222067021087,71.16346331461594,67.88470062300132,2353163.4
608,2014-02-24,76.5,77.900002,1784851,79.43181727562708,71.59807871367298,68.37325190968419,2338499.6
609,2014-03-03,77.800003,86.650002,2961391,80.74421449824034,72.5691705385973,69.26480069457764,2410937.5
610,2014-03-10,86.849998,94.300003,6244236,83.2089033167421,73.97115972965554,70.48603007532995,2628359.2
611,2014-03-17,94.300003,104.300003,2884775,87.04364871369808,75.92785929548421,72.13549216921629,2612054.7
612,2014-03-24,102.5,109.050003,4243126,91.04480403848025,78.06477179254975,73.93620001462037,2928497.2
613,2014-03-31,110.300003,116.400002,2992462,95.65484003148384,80.53801245109493,76.00760498951693,2881624.7
614,2014-04-07,117.050003,123.199997,3747195,100.66305038939588,83.29039855102428,78.30967289246733,3138266.6
615,2014-04-14,123.199997,118.099998,2083130,103.83340450041482,85.53617916063561,80.25066436112746,3237557.1
616,2014-04-21,118.150002,118.550003,1627215,106.50914968215757,87.66610327930428,82.11892478253588,2992207.8
617,2014-04-28,119.0,136.600006,6874095,111.98021446721984,90.82312926128465,84.77653850046096,3544247.6
618,2014-05-05,136.899994,153.399994,8807433,119.51108347317987,94.86034634120176,88.12402413458481,4246505.8
619,2014-05-12,155.199997,152.600006,3861010,125.52725120532898,98.58548567402745,91.26919398167824,4336467.7
620,2014-05-19,155.0,163.199997,2137439,132.3768413498146,102.7541638240902,94.77801364110857,3925788.0
621,2014-05-26,164.399994,149.699997,1663251,135.5265060134847,105.78292725479406,97.45713478056669,3803635.6
622,2014-06-02,154.5,173.899994,3460266,142.50350382921474,110.1775767222267,101.18605474249027,3725349.6
623,2014-06-09,175.0,162.100006,1196994,146.06650422390297,113.52741086917982,104.15746699895416,3545802.8
624,2014-06-16,161.0,166.649994,563601,149.80895691046607,116.95467429697467,107.20588295022469,3227443.4
625,2014-06-23,166.649994,176.050003,977562,154.58005619947224,120.76727614878276,110.56413270875032,3116886.6
626,2014-06-30,177.050003,208.25,4042270,164.3382277995682,126.41132284886129,115.32929696686006,3358392.1
627,2014-07-07,209.899994,198.199997,2696991,170.49491310873762,131.0428502134509,119.37177013920835,2940681.7
628,2014-07-14,201.600006,203.149994,1739387,176.4322005435126,135.6949240061315,123.45851276656404,2233877.1
629,2014-07-21,203.0,206.050003,1217201,181.81725553560122,140.23396136057463,127.48736594868286,1969496.2
630,2014-07-28,206.0,204.25,1150703,185.89593634731008,144.3640283695698,131.23188468289345,1870822.6
631,2014-08-04,204.199997,200.25,699674,188.5057661023446,147.96957492637176,134.59862201543524,1774464.9
632,2014-08-11,199.300003,193.649994,1935196,189.4410802655547,150.9166987375736,137.4791767463896,1621957.9
633,2014-08-18,193.699997,204.100006,1690065,192.1063394899993,154.34787985127852,140.7289732953462,1671265.0
634,2014-08-25,206.800003,217.69999700000002,2349180,196.75973176454488,158.43511321571216,144.48365737850006,1849822.9
635,2014-09-01,222.0,229.899994,1870185,202.7852339891731,163.0457506856662,148.6503079454025,1939085.2
636,2014-09-08,232.0,229.850006,859488,207.70610162750526,167.35570264142967,152.61126882611455,1620807.0
637,2014-09-15,226.30000299999998,230.399994,1503825,211.83226387704977,171.42307627746646,156.40584078581628,1501490.4
638,2014-09-22,230.0,208.5,1770029,211.22639771758617,173.81513587246863,158.94701928406914,1504554.6
639,2014-09-29,208.5,214.350006,570998,211.79432649620688,176.43028878392226,161.64960400191944,1439934.3
640,2014-10-06,214.350006,219.55000299999998,1116013,213.20444949689653,179.21220583012084,164.4740137091429,1436465.3
641,2014-10-13,221.649994,215.44999700000002,1062869,213.61273086109716,181.55012784108078,166.9606470404042,1472784.8
642,2014-10-20,219.5,222.94999700000002,390965,215.31041561362497,184.22108714165623,169.6918348433113,1318361.7
643,2014-10-27,224.30000299999998,224.149994,1239824,216.91761168387498,186.79714564864614,172.34833041193028,1273337.6
644,2014-11-03,224.149994,245.44999700000002,1432502,222.1053181049886,190.58120057453993,175.91426536744586,1181669.8
645,2014-11-10,240.0,247.899994,2427621,226.79525917680886,194.27918724715025,179.42576432513144,1237413.4
646,2014-11-17,247.30000299999998,258.899994,1882320,232.63248369011635,198.4482715537857,183.30255601658845,1339696.6
647,2014-11-24,259.149994,263.25,2108638,238.19930483736792,202.629028227735,187.20243133285243,1400177.9
648,2014-12-01,264.0,266.399994,675308,243.32670286693738,206.74328408401016,191.0657270727133,1290705.8
649,2014-12-08,264.200012,244.69999700000002,1269937,243.57639270931242,209.19210427213852,193.68203292282485,1360599.7
650,2014-12-15,242.30000299999998,265.549988,3114446,247.57159185307378,212.82809677071023,197.1877868290285,1560443.0
651,2014-12-22,264.899994,256.049988,839751,249.1131184252422,215.61660588227733,200.05911371541737,1538131.2
652,2014-12-29,256.100006,268.700012,704959,252.6743718024709,219.04134176084008,203.40745021710433,1569530.6
653,2015-01-05,266.299988,270.450012,1255082,255.90630638383982,222.35803016336652,206.67781908456266,1571056.4
654,2015-01-12,268.700012,272.200012,1471383,258.86879831405076,225.57364189476223,209.87402361702303,1574944.5
655,2015-01-19,272.200012,260.200012,763641,259.11083716604156,227.80760125639048,212.32894987960728,1408546.5
656,2015-01-26,260.200012,253.55000299999998,727533,258.09977640857943,229.46840136888142,214.3397329586508,1293067.8
657,2015-02-02,253.350006,251.19999700000002,828176,256.845271061565,230.8704397966955,216.13779461920444,1165021.6
658,2015-02-09,250.44999700000002,265.549988,1668975,258.42794686855314,233.1078300033603,218.54814551582862,1264388.3
659,2015-02-16,268.399994,274.100006,1092321,261.27741216517984,235.75248651927254,221.25799236871504,1246626.7
660,2015-02-23,274.0,272.950012,700795,263.39970304423804,238.15232687286786,223.77955430194845,1005261.6
661,2015-03-02,269.700012,279.950012,851168,266.40885012710385,240.84895171977962,226.51957662868267,1006403.3
662,2015-03-09,277.899994,291.200012,3258669,270.9163341039941,244.09740722172933,229.67471981752743,1261774.3
663,2015-03-16,296.700012,276.649994,1536197,271.9588177214497,246.19757411065,231.96619660691633,1289885.8
664,2015-03-23,275.5,272.549988,474651,272.0663032266406,247.89772984544678,233.94589374804235,1190212.6
665,2015-03-30,271.049988,289.600006,501913,275.25424918543325,250.5881992747728,236.66072849204028,1164039.8
666,2015-04-06,290.100006,287.350006,383125,277.4534776971727,252.9599287409165,239.13337617535538,1129599.0
667,2015-04-13,288.100006,269.950012,432029,276.08921120677763,254.05606314472834,240.63662670338684,1089984.3
668,2015-04-20,270.399994,273.5,1294184,275.61844553281804,255.31051068377812,242.23971808370942,1052505.2
669,2015-04-27,273.25,269.049988,368231,274.4241805268511,256.1969285751473,243.54753612840653,980096.2
670,2015-05-04,270.5,260.649994,449857,271.9197829765145,256.4842231186862,244.38180236604524,955002.4
671,2015-05-11,261.649994,251.25,933340,268.16164061714824,256.1465313045774,244.71683639696985,963219.6
672,2015-05-18,250.0,250.350006,865108,264.92316159584857,255.77256193008856,244.99162515809329,723863.5
673,2015-05-25,250.350006,248.100006,794068,261.864406032967,255.27755832169575,245.14325349184483,649650.6
674,2015-06-01,248.100006,236.80000299999998,388547,257.3072418451548,254.08545797836055,244.73626566297435,641040.2
675,2015-06-08,239.94999700000002,223.44999700000002,704042,251.15137914603577,252.10897662491794,243.69791109404878,661253.1
676,2015-06-15,223.94999700000002,230.75,605104,247.44203748312017,250.73097813298776,243.06630567482688,683451.0
677,2015-06-22,231.94999700000002,246.850006,452506,247.33439539528015,250.48059283408531,243.2508764223963,685498.7
678,2015-06-29,245.5,259.799988,616394,249.6008667779565,251.08184413511208,244.05815015788914,617719.7
679,2015-07-06,259.899994,253.100006,296590,250.23707390923713,251.21204812639516,244.4992162965287,610555.6
680,2015-07-13,258.899994,261.200012,444550,252.2303353802849,251.85643289243419,245.31388925767362,610024.9
681,2015-07-20,261.0,265.149994,573078,254.57936422023312,252.7140819961481,246.28150412315296,573998.7
682,2015-07-27,262.899994,255.600006,388592,254.764935452918,252.9002706415579,246.73606519031622,526347.1
683,2015-08-03,257.850006,260.700012,318061,255.8440402796602,253.4034797614574,247.41723332737396,478746.4
684,2015-08-10,261.950012,252.899994,740323,255.3087591379038,253.3709968091053,247.68468506750207,513924.0
685,2015-08-17,254.80000299999998,248.44999700000002,337936,254.06171147646674,253.05351295045335,247.72201735689222,477313.4
686,2015-08-24,239.850006,242.5,907572,251.95958211710916,252.3726411471983,247.46728480289747,507560.2
687,2015-08-31,241.0,233.80000299999998,686588,248.65784045945296,251.1744064280242,246.8005881295854,530968.4
688,2015-09-07,238.0,236.149994,246807,246.38368655773422,250.20508949718393,246.28104695253245,494009.7
689,2015-09-14,241.0,233.5,291863,244.04119809269164,249.1273417876882,245.65758124753086,493537.0
690,2015-09-21,229.0,231.69999700000002,228214,241.7973433485659,248.00299696267606,244.9767234793586,471903.4
691,2015-09-28,235.850006,235.5,267595,240.65237183064482,247.19635199734213,244.51444428524357,441355.1
692,2015-10-05,240.0,236.44999700000002,341186,239.8883036796185,246.50303877170717,244.12105661279267,436614.5
693,2015-10-12,236.44999700000002,251.600006,513139,242.01770410150604,246.8318753670809,244.48588341216865,456122.3
694,2015-10-19,251.600006,245.5,183276,242.6508488103231,246.7459479240434,244.53535251401408,400417.6
695,2015-10-26,250.0,250.75,423424,244.12342175390071,247.00427386442772,244.83850604991582,408966.4
696,2015-11-02,244.149994,238.899994,270898,243.17370761682787,246.48141709898076,244.54882253528578,345299.0
697,2015-11-09,231.649994,253.600006,209981,245.0693982319501,246.94068089904653,244.99034367990598,297638.3
698,2015-11-16,253.0,265.299988,442359,248.74768728068642,248.1251523249145,245.98105803698374,317193.5
699,2015-11-23,265.5,255.399994,315081,249.9571975932889,248.59449694911356,246.44051832786258,319515.3
700,2015-11-30,255.899994,245.25,358017,249.1013434854182,248.37872295239657,246.3824442630888,332495.6
701,2015-12-07,245.30000299999998,248.149994,227074,248.9283708517058,248.36396624579035,246.4686662014747,328443.5
702,2015-12-14,248.100006,255.600006,374398,250.14139542412295,248.8308075202555,246.91409741115885,331764.7
703,2015-12-21,255.0,250.5,261772,250.2065962561006,248.93849735765835,247.0890194886633,306628.0
704,2015-12-28,250.25,254.75,150645,251.0326696640823,249.31343301200297,247.46272585506998,303364.9
705,2016-01-04,252.100006,259.0,394925,252.48127517970372,249.9383728176802,248.02551971579828,300515.0
706,2016-01-11,253.0,233.149994,328100,248.96649678339395,248.85525160363633,247.29988431502764,306235.2
707,2016-01-18,243.0,223.69999700000002,702334,244.37258773186778,247.23233195178884,246.14867029966044,355470.5
708,2016-01-25,258.0,232.100006,169444,242.14120923516455,246.25605285812503,245.46336960211602,328179.0
709,2016-02-01,232.649994,226.100006,143122,239.224626828771,244.955662738246,244.51881528006157,310983.1
710,2016-02-08,227.0,220.80000299999998,287211,235.8746952235399,243.397233077714,243.36180004688785,303902.5
711,2016-02-15,225.0,237.350006,154291,236.14293354653265,243.00708939528084,243.0685418006982,296624.2
712,2016-02-22,236.5,240.19999700000002,103479,236.88058144716308,242.82598666010145,242.92861278603,269532.3
713,2016-02-29,244.0,234.44999700000002,288123,236.43865700222435,242.2856002304175,242.51502177207732,272167.4
714,2016-03-07,234.44999700000002,230.600006,161904,235.377084092729,241.53169092522927,241.93380149051256,273293.3
715,2016-03-14,229.899994,241.899994,505318,236.56306771223282,241.55545241392414,241.9321523446339,284332.6
716,2016-03-21,249.44999700000002,258.850006,222118,240.61523831000866,242.6712300646387,242.7574134985542,273734.4
717,2016-03-28,258.850006,287.350006,1867820,249.112468799098,245.55373173788783,244.93266191325887,390283.0
718,2016-04-04,287.350006,282.0,405334,255.09201992653473,247.90510388383055,246.74082474675845,413872.0
719,2016-04-11,282.0,282.649994,273767,260.10256066716477,250.14670969777697,248.4924915395995,426936.5
720,2016-04-18,282.649994,282.0,471399,264.0839132731348,252.20176068501718,250.12700414742392,445355.3
721,2016-04-25,282.0,286.549988,691570,268.1686541325648,254.41777535049994,251.90373506706177,499083.2
722,2016-05-02,288.0,275.549988,173432,269.51071483573486,255.7811439085322,253.05721081988804,506078.5
723,2016-05-09,271.549988,286.049988,447949,272.5178554110558,257.73397255959463,254.66661458477154,522061.1
724,2016-05-16,286.0,283.700012,139610,274.55097479086385,259.40920091058854,256.08287787331926,519831.7
725,2016-05-23,288.0,337.0,2097262,285.90534301070676,264.415058916357,260.0300545624256,679026.1
726,2016-05-30,336.799988,347.850006,1569459,297.16800900876007,269.79795872820495,264.3139546325512,813760.2
727,2016-06-06,345.100006,358.149994,1021405,308.25564264353096,275.4980900360627,268.89132240657307,729118.7
728,2016-06-13,351.950012,370.0,878844,319.48188943561627,281.59498745309094,273.8234530208866,776469.7
729,2016-06-20,365.0,345.950012,401912,324.2942753564133,285.74692452063346,277.341821751575,789284.2
730,2016-06-27,348.5,360.0,496906,330.7862252916109,290.53744551930225,281.37392800759574,791834.9
731,2016-07-04,359.950012,376.049988,482153,339.01600032949983,296.0543837438634,285.9922723974691,770893.2
732,2016-07-11,379.0,376.899994,221002,345.90399917868166,301.27022956684,290.4267954024706,775650.2
733,2016-07-18,382.0,391.25,366405,354.14872660073956,307.0753760463987,295.3450005047891,767495.8
734,2016-07-25,392.600006,393.549988,245666,361.312592309696,312.6543832692117,300.1354876996774,778101.4
735,2016-08-01,398.0,392.100006,538687,366.9103038897513,317.7799073163593,304.62156176310776,622243.9
736,2016-08-08,402.450012,414.299988,669714,375.52661009161466,324.00700929594905,309.9717288966147,532269.4
737,2016-08-15,414.299988,436.700012,771580,386.6490468022302,331.2775255994362,316.15359636507253,507286.9
738,2016-08-22,437.799988,429.200012,507846,394.38558592909743,337.5951053672145,321.66805566433726,470187.1
739,2016-08-29,431.0,425.700012,390312,400.0791179419888,343.27929289191036,326.74278524168665,469027.1
740,2016-09-05,425.700012,420.450012,202856,403.7829168616272,348.25804896340003,331.3138694737995,439622.1
741,2016-09-12,415.600006,443.299988,308813,410.9678388867859,354.3897869657613,336.77660696288245,422288.1
742,2016-09-19,445.0,442.25,147752,416.6555045437339,360.05818780667994,341.92165052566867,414963.1
743,2016-09-26,444.64999400000005,442.0,402517,421.2635946266914,365.34475633528126,346.8035212317336,418574.3
744,2016-10-03,447.799988,438.950012,208921,424.4793068763839,370.0934825071986,351.29847200091734,414899.8
745,2016-10-10,440.049988,438.39999400000005,81301,427.01034089885957,374.5003542164116,355.5473267325799,369161.2
746,2016-10-17,444.89999400000005,427.35000599999995,128091,427.072098189976,377.91000917019153,359.0498964529419,314998.9
747,2016-10-24,427.39999400000005,440.549988,108128,429.5226236099803,381.95129812695336,363.02551067474957,248653.7
748,2016-10-31,440.549988,434.5,82398,430.42760113543847,385.3415369574725,366.5120711296398,206108.9
749,2016-11-07,442.85000599999995,425.200012,241131,429.47713038354055,387.91305147634523,369.37489751355986,191190.8
750,2016-11-14,425.200012,389.399994,772743,422.1903783138059,388.00898325206487,370.35173148850816,248179.5
751,2016-11-21,389.0,402.25,887755,418.56485498402304,388.9277585261252,371.9077445866297,306073.7
752,2016-11-28,403.5,415.600006,170043,418.02579153238247,390.64854868573,374.0390744116721,308302.8
753,2016-12-05,410.25,421.64999400000005,336174,418.68473743558565,392.64864193181194,376.3615582940296,301668.5
754,2016-12-12,421.64999400000005,411.149994,204790,417.314784083661,393.8422775491144,378.05855515773544,301255.4
755,2016-12-19,411.149994,404.149994,85012,414.9211858866317,394.5072915136877,379.33130827199227,301626.5
756,2016-12-26,404.5,413.649994,134398,414.6900600890623,395.74230457732074,381.00539050262677,302257.2
757,2017-01-02,400.0,421.799988,304455,415.98277425468734,397.42344544330007,382.99537086835227,321889.9
758,2017-01-09,427.5,412.5,888523,415.3495425720169,398.396126382442,384.4346210698961,402502.4
759,2017-01-16,409.0,410.450012,329110,414.4587188316502,399.17379642228445,385.7036645299012,411300.3
760,2017-01-23,405.149994,438.75,320522,418.8753154077138,401.72709987891125,388.2912906503938,366078.2
761,2017-01-30,434.700012,448.450012,347460,424.25253296994765,404.74148130607824,391.2258624235453,312048.7
762,2017-02-06,451.89999400000005,461.35000599999995,277799,430.9975280663208,408.39364418955705,394.6465523541041,322824.3
763,2017-02-13,461.75,443.25,494805,433.2252502360806,410.6424413386179,397.01745223926974,338687.4
764,2017-02-20,444.200012,443.75,137206,435.1388411022478,412.7784128651587,399.29708871540294,331929.0
765,2017-02-27,444.89999400000005,439.10000599999995,190052,435.8590529018391,414.47658016418075,401.23869443660277,342433.0
766,2017-03-06,440.0,449.14999400000005,166177,438.27558764695925,416.71357460520136,403.5758310006709,345610.9
767,2017-03-13,449.14999400000005,460.450012,360898,442.30730116569396,419.53528024357547,406.3501812933211,351255.2
768,2017-03-20,462.0,465.299988,346176,446.4877896810223,422.48784203431256,409.22578162047614,297020.5
769,2017-03-27,467.10000599999995,516.549988,607058,459.2263711935637,428.5563675804859,414.4611087609407,324815.3
770,2017-04-03,516.950012,515.299988,327497,469.4215742492794,434.15273018819653,419.3800784799192,325512.8
771,2017-04-10,518.0,546.900024,385392,483.50856511304676,441.42674914379677,425.6005636272402,329306.0
772,2017-04-17,547.0,537.950012,213630,493.4070100015837,447.65405642484217,431.08102452347237,322889.1
773,2017-04-24,538.0,526.099976,222062,499.3511856376594,452.7150834942072,435.71609532720544,295614.8
774,2017-05-01,526.099976,524.200012,200809,503.8691540671759,457.3270143655487,440.03238394539056,301975.1
775,2017-05-08,528.650024,539.25,262504,510.3020351458712,462.61236827744875,444.8722676553715,309220.3
776,2017-05-15,540.0,538.099976,282673,515.3562062102583,467.48253651761337,449.41996074535336,320869.9
777,2017-05-22,535.049988,524.400024,306328,517.000536717484,471.15463248421895,453.07752480655563,315412.9
778,2017-05-29,519.5,516.150024,383506,516.8458980415778,474.05756096910807,456.1542320842846,319145.9
779,2017-06-05,511.049988,506.60000599999995,237176,514.9830085794728,476.15707355174624,458.6150015435878,282157.7
780,2017-06-12,509.89999400000005,496.25,450476,511.5770070195686,477.45339138711745,460.45085512682743,294455.6
781,2017-06-19,493.25,482.200012,273579,506.2357351978289,477.75962497504537,461.5117896084456,283274.3
782,2017-06-26,482.200012,456.299988,347106,497.1565084345873,476.3751322669779,461.25755538364336,296621.9
783,2017-07-03,463.700012,489.14999400000005,344240,495.7007785373896,477.19931689491483,462.6181621454169,308839.7
784,2017-07-10,490.0,501.85000599999995,277240,496.8188198942279,478.7896839339526,464.53191062612825,316482.8
785,2017-07-17,500.049988,494.049988,276487,496.31539591345916,479.7742196801492,465.9718168394879,317881.1
786,2017-07-24,494.049988,476.39999400000005,1218844,492.6944137473757,479.5565277007847,466.48050840829336,411498.2
787,2017-07-31,478.0,482.89999400000005,229579,490.9136101569437,479.7722352039599,467.28145892496195,403823.3
788,2017-08-07,482.5,495.049988,586172,491.6656788556812,480.75789667467217,468.63602131886626,424089.9
789,2017-08-14,506.0,524.900024,442348,497.7082870637392,483.60577585695137,471.38060681550695,444607.1
790,2017-08-21,517.0,530.150024,211930,503.60678468851387,486.6086305758577,474.2474076537749,420752.5
791,2017-08-28,530.099976,543.650024,307078,510.8873736542386,490.28872047418946,477.63290113407857,424102.4
792,2017-09-04,546.0,561.349976,426280,520.0623922625589,494.8733176048869,481.7166608836357,432019.8
793,2017-09-11,565.0,539.950012,562679,523.6783231239118,497.7814914368297,484.5573121576047,453863.7
794,2017-09-18,546.900024,533.049988,299935,525.3822621922915,500.05687831187294,486.9228085401606,456133.2
795,2017-09-25,533.049988,541.950012,197673,528.3945803391475,502.7596611304618,489.60706236746984,448251.8
796,2017-10-02,541.950012,534.650024,170075,529.5319337320298,504.81710389623845,491.8042800080811,343374.9
797,2017-10-09,539.900024,585.950012,1393554,539.789766144388,510.0514850642231,496.3967547393942,459772.4
798,2017-10-16,590.799988,598.75,161073,550.5098086635901,515.7739698987893,501.3895959716189,417262.5
799,2017-10-23,591.0,598.650024,276736,559.2625750883919,521.1208120988674,506.1340070949546,400701.3
800,2017-10-30,602.0,631.299988,415915,572.3602865268662,528.2291460279728,512.2396647000787,421099.8
801,2017-11-06,629.849976,635.650024,360074,583.8675115219814,535.1595252519745,518.2596822269041,426399.4
802,2017-11-13,635.650024,614.099976,179357,589.3643232452575,540.2524575582987,522.9348185085186,401707.1
803,2017-11-20,609.0,628.400024,717631,596.4617233824835,545.939397328731,528.0794626788347,417202.3
804,2017-11-27,629.799988,668.75,362645,609.6050464038501,553.8626620172,534.9414401091354,423473.3
805,2017-12-04,667.049988,684.0,162442,623.13140160315,562.2586193064129,542.2125893721044,419950.2
806,2017-12-11,677.099976,688.400024,850744,634.9984238571228,570.3967744479347,549.3436837441968,488017.1
807,2017-12-18,691.25,710.400024,1091865,648.7078057012823,579.4292421609712,557.2000905859434,457848.2
808,2017-12-25,710.400024,707.5,448224,659.3972955737764,587.691871698973,564.5317934841901,486563.3
809,2018-01-01,703.099976,713.599976,159845,669.2523283785443,595.8149752022651,571.8034121434979,474874.2
810,2018-01-08,729.0,722.950012,238908,679.0155435824454,604.0172356408286,579.1764170145468,457173.5
811,2018-01-15,722.950012,741.75,231966,690.4218083856372,612.9032204381946,587.106835696764,444362.7
812,2018-01-22,747.0,726.700012,118263,697.0178454064304,620.244948926053,593.9162589310682,438253.3
813,2018-01-29,726.700012,700.849976,332340,697.714596423443,625.4452732534044,599.1325378124795,399724.2
814,2018-02-05,695.0,669.950012,230130,692.6664901646352,628.3165467209267,602.5870487484561,386472.7
815,2018-02-12,685.0,707.0,520228,695.2725828619742,633.392898545383,607.6803634436534,422251.3
816,2018-02-19,710.0,704.349976,261816,696.9230179779789,637.970774510197,612.3959543000606,363358.5
817,2018-02-26,704.5,706.349976,414759,698.6370103456192,642.3823358966358,616.9790773098138,295647.9
818,2018-03-05,701.049988,699.950012,515263,698.8757379191429,646.0963795162077,621.0264399776278,302351.8
819,2018-03-12,698.049988,677.099976,1441489,694.9165084792987,648.09661154742,623.7617344177435,430516.2
820,2018-03-19,680.0,632.049988,321034,683.4862320285172,647.0613455121025,624.1660394705365,438728.8
821,2018-03-26,625.0,674.849976,147881,681.9160036596959,648.8541603822895,626.6384266183152,430320.3
822,2018-04-02,674.799988,699.099976,270645,685.0403622670239,652.0958259060127,630.173136344251,445558.5
823,2018-04-09,700.049988,697.900024,428330,687.3784825821105,655.0509354604635,633.4768869616046,455157.5
824,2018-04-16,695.0,691.700012,158017,688.1642152035449,657.4153920114013,636.3170394025019,447946.2
825,2018-04-23,691.150024,704.950012,116430,691.2161782574459,660.4821416880851,639.6649892853067,407566.4
826,2018-04-30,705.700012,682.200012,72782,689.5768753015467,661.8832946114345,641.739868442121,388663.0
827,2018-05-07,683.049988,683.900024,842364,688.5447205194473,663.3037287655355,643.7964613961639,431423.5
828,2018-05-14,687.950012,682.5,64904,687.4456804250024,664.5421978774365,645.6844388890339,386387.6
829,2018-05-21,680.0,684.950012,96890,686.9919225295474,665.8588310466341,647.5998326993249,251927.7
830,2018-05-28,674.0,680.099976,281871,685.738841342357,666.7776145920126,649.1852055432603,248011.4
831,2018-06-04,687.900024,675.549988,112692,683.8863225528376,667.3435741667214,650.4712924923696,244492.5
832,2018-06-11,678.0,669.799988,867387,681.325170815958,667.5020524785458,651.4141556878637,304166.7
833,2018-06-18,669.799988,602.549988,771527,667.0024103039657,663.3115967057364,649.0305377518704,338486.4
834,2018-06-25,599.700012,581.450012,393125,651.4474287941538,658.030204144076,645.733926739584,361997.2
835,2018-07-02,590.150024,581.75,323315,638.7751690133986,653.1089006509098,642.6127595815556,382685.7
836,2018-07-09,581.75,599.700012,354413,631.6705950109624,649.6631658992383,640.5194548214797,410848.8
837,2018-07-16,599.700012,587.099976,573762,623.5668460998784,645.6268310670293,637.9136265862855,383988.6
838,2018-07-23,588.0,623.150024,479031,623.4910602635368,644.1767144820598,637.1934508503692,425401.3
839,2018-07-30,621.099976,618.849976,615027,622.6472267610756,642.542731354185,636.2986471991317,477215.0
840,2018-08-06,624.900024,593.150024,582633,617.2840989863346,639.3561050732699,634.1938363113692,507291.2
841,2018-08-13,593.150024,597.0,135279,613.5960809888192,636.6234531330589,632.3795028327658,509549.9
842,2018-08-20,601.0,559.099976,355470,603.6876982635793,631.6219384793131,628.8048917677528,458358.2
843,2018-08-27,564.700012,547.5,117354,593.4717531247467,626.1947166419382,624.838799486399,392940.9
844,2018-09-03,553.75,558.650024,192109,587.14052964752,621.8369945360066,621.6100787309649,372839.3
845,2018-09-10,559.900024,557.650024,322867,581.7786195297891,617.6958996627159,618.4900760611617,372794.5
846,2018-09-17,550.5,548.650024,149081,575.7552385243729,613.2413270393148,615.0832442533002,352261.3
847,2018-09-24,555.200012,530.25,163581,567.4815587926687,607.8870478754881,610.9450372165538,311243.2
848,2018-10-01,534.5,495.049988,92276,554.3121822849107,600.6072375609405,605.2916201816,272567.7
849,2018-10-08,490.200012,465.10000599999995,169858,538.0917865967451,591.8648355247508,598.4530048556683,228050.8
850,2018-10-15,468.700012,510.0,275080,532.9841890337005,586.5832332328314,594.1382241310015,197295.5
851,2018-10-22,511.0,483.950012,90185,524.0688841184823,579.9617350887778,588.7631893929039,192786.1
852,2018-10-29,482.0,505.14999400000005,99201,520.6290859151219,575.1351711475663,584.6844969347135,167159.2
853,2018-11-05,507.0,526.900024,73599,521.7692564760089,572.0232261703039,581.8657421574104,162783.7
854,2018-11-12,531.950012,488.200012,155312,515.6657574803709,566.615276868994,577.2966821497319,159104.0
855,2018-11-19,495.0,462.35000599999995,110099,505.9719844839398,559.8884852000266,571.6895272155986,137827.2
856,2018-11-26,462.700012,458.35000599999995,327154,497.3134429414053,553.3376155742184,566.1607700831304,155634.5
857,2018-12-03,459.799988,460.60000599999995,153981,490.6382725884225,547.3545439887849,561.0114645180996,154674.5
858,2018-12-10,456.89999400000005,451.89999400000005,129553,483.59494920870935,541.1961859249924,555.6889537611191,158402.2
859,2018-12-17,458.950012,454.14999400000005,331152,478.24132098894404,535.5803025749929,550.7358337727719,174531.6
860,2018-12-24,453.10000599999995,458.549988,125424,474.66107862731786,530.6106048604772,546.2389632472708,159566.0
861,2018-12-31,466.0,451.85000599999995,122310,470.51361087689645,525.5292759017368,541.6346238693552,162778.5
862,2019-01-07,451.64999400000005,449.549988,99350,466.7020430810971,520.6273863596892,537.1426904123135,162793.4
863,2019-01-14,451.0,446.450012,148047,463.0198556118067,515.8417493042255,532.71865731903,170238.2
864,2019-01-21,442.799988,424.450012,298715,456.0071567732964,509.9455081878238,527.4372599863943,184578.5
865,2019-01-28,424.450012,415.649994,172037,448.66949081451526,503.86192662731906,521.9842226212044,190772.3
866,2019-02-04,411.200012,393.0,282367,438.54776521187614,496.70954426426624,515.692309322609,186293.6
867,2019-02-11,393.0,379.549988,1022894,427.82089662789866,489.15086321495875,509.05122047760375,273184.9
868,2019-02-18,375.100006,378.0,1509668,418.76255178646255,481.9798397817356,502.6584780152816,411196.4
869,2019-02-25,383.950012,416.649994,531255,418.3784503707421,477.76501102162365,498.46294220965814,431206.7
870,2019-03-04,416.649994,441.450012,779672,422.5732797578799,475.42210785893826,495.68182366284555,496631.5
871,2019-03-11,443.89999400000005,487.60000599999995,553657,434.3963208928108,476.2077787067487,495.28758865490187,539766.2
872,2019-03-18,487.60000599999995,489.049988,289771,444.33335127593614,477.03630833857136,494.98331545222374,558808.3
873,2019-03-25,482.5,475.450012,463446,449.99092595303864,476.93396663930866,494.03047138138356,590348.2
874,2019-04-01,478.0,473.799988,464088,454.3198463252134,476.7317744690307,493.0436185335112,606885.5
875,2019-04-08,478.799988,476.75,357770,458.39805608426553,476.7329503097384,492.24880787333996,625458.8
876,2019-04-15,480.0,477.10000599999995,197247,461.7984106143991,476.75663132201333,491.50984192829895,616946.8
877,2019-04-22,476.0,451.89999400000005,1172312,459.99869850269016,475.1529773012383,489.5776542244795,631888.6
878,2019-04-29,451.89999400000005,420.35000599999995,269956,452.7898453203828,471.61730173341647,486.2006957745049,507917.4
879,2019-05-06,416.700012,427.14999400000005,819399,448.12805417122235,468.74844316997024,483.32017373672414,536731.8
880,2019-05-13,428.89999400000005,426.60000599999995,258104,444.21386359463645,466.02918915900443,480.5533362861522,484575.0
881,2019-05-20,434.799988,446.85000599999995,181997,444.69316221379347,464.7918225035848,478.9092713941448,447409.0
882,2019-05-27,450.0,455.60000599999995,343917,446.67622472037647,464.19880208399866,477.7722340578451,452823.6
883,2019-06-03,458.700012,450.549988,100729,447.38054531667166,463.3182334334181,476.444319615999,416551.9
884,2019-06-10,448.299988,445.049988,308374,446.95680762273133,462.13963695384274,474.91288880546244,400980.5
885,2019-06-17,446.0,444.5,331088,446.5101153276893,461.00159586004645,473.4293332539765,398312.3
886,2019-06-24,444.39999400000005,440.35000599999995,210646,445.39009544992757,459.6692352239144,471.8157075342703,399652.2
887,2019-07-01,440.0,408.850006,264669,438.74644282266803,456.39057527398444,468.74420989845225,308887.9
888,2019-07-08,408.850006,384.950012,723751,428.96527358218293,451.78150667566285,464.6566880497473,354267.4
889,2019-07-15,387.899994,385.299988,239573,421.0261307490588,447.4923764385233,460.78562951073525,296284.8
890,2019-07-22,384.899994,378.75,172241,413.3395615219572,443.05738441023146,456.78389148582136,287698.5
891,2019-07-29,383.0,374.399994,362769,406.2596401543286,438.6278753515069,452.7651647791959,305775.7
892,2019-08-05,373.0,373.700012,291964,400.3397077626325,434.4389809417322,448.90832805825954,300580.4
893,2019-08-12,373.700012,360.600006,189804,393.11430744215386,429.67517610678175,444.6006050310274,309487.9
894,2019-08-19,358.0,365.350006,121222,388.0662526344895,425.5251651321507,440.73472215146506,290772.7
895,2019-08-26,370.5,367.200012,384684,384.27239070094595,421.76225202685066,437.1476631196863,296132.3
896,2019-09-02,367.200012,369.5,216978,381.58650148259215,418.39049383157,433.84777711384794,296765.5
897,2019-09-09,367.149994,372.100006,105626,379.86168412212083,415.4040107456622,430.8356907180505,280861.2
898,2019-09-16,370.049988,394.149994,336354,382.4595586453716,414.0327838588453,429.04614453668216,242121.5
899,2019-09-23,397.0,389.850006,417906,383.8032763462131,412.4726046421456,427.1341377787952,259954.8
900,2019-09-30,397.799988,365.100006,180207,380.4026817378107,409.41630795555557,424.10808257007346,260751.4
901,2019-10-07,366.0,353.450012,399078,375.50219633093604,405.80557918422943,420.6613474203138,264382.3
902,2019-10-14,358.0,365.450012,461475,373.674526452584,403.2019942046017,417.96811154615216,281333.4
903,2019-10-21,365.450012,379.799988,136658,374.7882467339324,401.6921873526919,416.106251860974,276018.8
904,2019-10-28,376.0,379.700012,141716,375.6812949641265,400.2733373299376,414.3303377214143,278068.2
905,2019-11-04,379.700012,371.049988,162485,374.83923915246714,398.3879599538126,412.219101149638,255848.3
906,2019-11-11,372.700012,355.299988,261489,371.28664803383674,395.6080907955021,409.4425590447776,260299.4
907,2019-11-18,356.450012,366.149994,313886,370.3527109367755,393.70756842159875,407.33072660356896,281125.4
908,2019-11-25,364.899994,367.649994,564121,369.8613078573618,392.0264345879472,405.39508111071194,303902.1
909,2019-12-02,367.0,353.649994,983893,366.91379624693235,389.55053519517645,402.8709305199455,360500.8
910,2019-12-09,355.899994,356.950012,647442,365.1021991111265,387.44727563419735,400.6308857140945,407224.3
911,2019-12-16,357.0,363.950012,289998,364.89271054546714,385.9313231416685,398.84157480121183,396316.3
912,2019-12-23,363.100006,359.549988,171946,363.9213064462913,384.2293015196254,396.924912030421,367363.4
913,2019-12-30,361.399994,402.75,580446,370.98106891060195,385.42418529255275,397.2090626630834,411742.2
914,2020-01-06,400.899994,406.700012,368384,377.4754221995834,386.79681927367835,397.6720358014696,434409.0
915,2020-01-13,409.399994,420.60000599999995,334011,385.31625561784097,388.9776700302152,398.7904733721296,451561.6
916,2020-01-20,420.60000599999995,414.600006,131071,390.6405738691426,390.63072396374974,399.5616700856843,438519.8
917,2020-01-27,414.549988,385.200012,136957,389.65138080202576,390.2803554499594,398.8611013985777,420826.9
918,2020-02-03,385.0,391.899994,141779,390.0602195652938,390.38484825963945,398.521535184013,378592.7
919,2020-02-10,391.5,380.5,195808,388.32199782614947,389.74711611385624,397.642435906744,299784.2
920,2020-02-17,376.5,361.149994,952502,383.3816334941223,387.9021404936074,395.8623167893419,330290.2
921,2020-02-24,361.0,324.799988,1213847,372.7304252224637,383.83103388111664,392.39586172644715,422675.1
922,2020-03-02,325.100006,316.100006,480989,362.4339853638339,379.46129014685107,388.6741126666205,453579.4
923,2020-03-09,316.0,268.700012,479915,345.39144475222776,372.315401234151,382.8217175121512,443526.3
924,2020-03-16,264.799988,201.25,1121018,319.1839093427318,361.2789237351735,373.96456056033895,518789.7
925,2020-03-23,180.0,188.5,754666,295.4231985531442,350.1318963974204,364.9175088256883,560855.2
926,2020-03-30,190.0,216.30000299999998,263115,281.03716299802704,341.49758069436103,357.6678743951669,574059.6
927,2020-04-06,216.30000299999998,227.25,113766,271.2576788165676,334.12676903666033,351.30602686369537,571740.5
928,2020-04-13,235.0,245.350006,296485,266.54719284991893,328.399235937521,346.13744048010045,587211.1
929,2020-04-20,252.399994,229.350006,319229,259.7840679681155,322.0089630383261,340.44049245668094,599553.2
930,2020-04-27,233.0,255.100006,262732,258.93242033754905,317.6922561326276,336.2775418978185,530576.2
931,2020-05-04,242.350006,228.0,212423,253.30834391254012,311.90565896278065,330.9957105857298,430433.8
932,2020-05-11,228.5,209.94999700000002,343520,245.4250081102601,305.3278743200206,325.09104163032833,416686.9
933,2020-05-18,203.100006,195.149994,321246,236.28409645384917,298.21962397679346,318.75245394104405,400820.0
934,2020-05-25,195.149994,212.600006,1372035,231.97789818951296,292.69577765571,313.574285748798,425921.7
935,2020-06-01,221.94999700000002,264.649994,797390,237.91827924596515,290.8863722585674,311.18773493178344,430194.1
936,2020-06-08,271.0,256.5,724817,241.29677392851696,288.6678966289824,308.5200405448672,476364.3
937,2020-06-15,264.950012,269.950012,417407,246.50645357787752,287.46029116904805,306.6385757378005,506728.4
938,2020-06-22,275.0,298.350006,1140719,255.93255401826343,288.16285341620625,306.23425526278584,591151.8
939,2020-06-29,303.399994,292.399994,598201,262.56299765130643,288.4362173248381,305.559413249967,619049.0
940,2020-07-06,292.399994,294.0,1064602,268.27881626015983,288.7951710458163,304.99553943289544,699236.0
941,2020-07-13,296.899994,278.350006,370045,270.1099416674035,288.1212894299572,303.6957573142176,714998.2
942,2020-07-20,280.5,272.450012,234633,270.5354090006029,287.11023927318575,302.1715746159631,704109.5
943,2020-07-27,273.0,269.75,297071,270.3926073641296,285.99022383620604,300.5900343907942,701692.0
944,2020-08-03,269.75,269.75,593922,270.2757696615606,284.9424674596766,299.08564246929205,623880.7
945,2020-08-10,271.75,279.799988,1587061,272.00744572309503,284.6106945913104,298.14487883664367,702847.8
946,2020-08-17,289.5,301.25,2160086,277.3242737734414,285.68419816606456,298.29634816168544,846374.7
947,2020-08-24,303.0,301.799988,1501212,281.7744036328157,286.7239265424475,298.46725742209105,954755.2
948,2020-08-31,303.899994,287.399994,1230163,282.797238245031,286.76754379777344,297.92739091369634,963699.6
949,2020-09-07,285.0,280.0,391547,282.28864947320716,286.3309280688848,297.0528840398575,943034.2
950,2020-09-14,288.0,294.450012,1338582,284.49980629626043,286.85473993540836,296.92591467205955,970432.2
951,2020-09-21,298.0,277.350006,561792,283.19984260603127,286.2415312944143,295.97099229781276,989606.9
952,2020-09-28,284.0,280.0,331397,282.6180530412983,285.838851856065,295.1919195027975,999283.3
953,2020-10-05,280.0,282.600006,738886,282.61477176106223,285.6298940588995,294.57767981973416,1043464.8
954,2020-10-12,285.5,273.450012,321721,280.94845180450545,284.84409521638986,293.5470618773081,1016244.7
955,2020-10-19,279.0,278.25,415250,280.4578242036863,284.41866971855825,292.8008637369516,899063.6
956,2020-10-26,277.0,276.950012,714141,279.8200401666524,283.93682083349,292.0276514571003,754469.1
957,2020-11-02,277.5,279.100006,241942,279.68912486362467,283.62476826358744,291.39703460553443,628542.1
958,2020-11-09,284.950012,272.899994,487095,278.45473743387475,282.932847343356,290.49473994184984,554235.3
959,2020-11-16,278.0,283.649994,945144,279.3993295368066,282.9791148695911,290.1608498959059,609595.0
960,2020-11-23,289.700012,308.799988,3017789,284.74490380284175,284.6449776521981,291.0700761448861,777515.7
961,2020-11-30,308.799988,341.600006,3513494,295.08219511141596,288.31949561012084,293.5349507719648,1072685.9
962,2020-12-04,329.600006,341.600006,1146531,303.53997890934033,291.75694789333886,295.8795876123568,1154199.3
